{
  "Cov_Curved": {
    "location": [
      3.4842265886244945,
      0,
      0.4675617222723423
    ],
    "rotation": [
      1.6468455474195693,
      0.9338269146436188,
      2.8377928460030524
    ],
    "scale": [
      0.2559223852725261,
      1.1873437480903328,
      1.6366509661270545
    ]
  },
  "Pipe_Bridge": {
    "location": [
      -1.5208040260347175,
      0,
      3.1523389550247947
    ],
    "rotation": [
      0.741672761259292,
      3.139260255102601,
      2.111689376763932
    ],
    "scale": [
      0.10518556861364492,
      0.7225444452410872,
      0.3395199559215627
    ]
  },
  "Sid_TubEx": {
    "location": [
      2.044057976423055,
      0,
      1.9602443759910937
    ],
    "rotation": [
      1.0804085583329166,
      0.5185342667089419,
      0.4566219708491061
    ],
    "scale": [
      0.5516903179131005,
      1.0070217969216293,
      0.09270274532941891
    ]
  },
  "Plane.001": {
    "location": [
      4.016500931418779,
      0,
      -3.555801093004481
    ],
    "rotation": [
      0.3919409192428926,
      2.4632574918664396,
      0.23338325721867553
    ],
    "scale": [
      1.1631852293564737,
      0.3338798217519945,
      1.731350328891846
    ]
  },
  "St_Hold": {
    "location": [
      4.278023903736656,
      0,
      -1.0430071585860894
    ],
    "rotation": [
      2.107905147577267,
      0.3311146866117168,
      2.0258169677224442
    ],
    "scale": [
      1.4461370411127208,
      1.9048166408031828,
      0.6764195579890924
    ]
  }
}