{
  "Pip_Hol": {
    "location": [
      1.0994348383733072,
      0,
      -4.205040754434324
    ],
    "rotation": [
      1.5231600539140178,
      2.8495423995405083,
      0.4617602137285766
    ],
    "scale": [
      1.5269152348517012,
      1.313565354080432,
      0.2658576248531297
    ]
  },
  "Thick_Frame": {
    "location": [
      2.4076246772116034,
      0,
      2.462190689288585
    ],
    "rotation": [
      2.4951753104733885,
      1.0413691984040976,
      1.0226824249925601
    ],
    "scale": [
      0.5388185401885384,
      0.2969898378849818,
      0.7382124442278155
    ]
  },
  "Cables_One": {
    "location": [
      0.8195120935782336,
      0,
      0.15623590229893836
    ],
    "rotation": [
      1.8120923952675438,
      2.2793879506319152,
      1.5417576121197885
    ],
    "scale": [
      1.63419072753093,
      1.3906229087157327,
      0.11364664791317258
    ]
  },
  "Sa_Bev": {
    "location": [
      -0.7817196047670851,
      0,
      3.50605750748103
    ],
    "rotation": [
      2.2963814559371545,
      1.308331107976621,
      1.7309035745792534
    ],
    "scale": [
      0.4916693658759377,
      0.27785944159579246,
      1.4355972758974647
    ]
  },
  "Cube": {
    "location": [
      2.019789103071928,
      0,
      1.24508313194925
    ],
    "rotation": [
      2.3094816089539503,
      2.230236212175613,
      1.5626083087896472
    ],
    "scale": [
      1.3143748735263725,
      1.323828262440456,
      0.5439669745431315
    ]
  }
}