{
  "Cylin_An": {
    "location": [
      3.139589764311019,
      0,
      -2.726425333267756
    ],
    "rotation": [
      1.6853463538622335,
      1.9650401219815765,
      0.0023361522364022426
    ],
    "scale": [
      1.1377899327476813,
      1.9417006631419074,
      1.9116762779396552
    ]
  },
  "Ang_Fram": {
    "location": [
      -3.0405998857491596,
      0,
      3.5039492966989236
    ],
    "rotation": [
      2.0640722078513436,
      2.5970076407230276,
      2.856281696780463
    ],
    "scale": [
      1.4034589258280292,
      0.18400436069094028,
      1.9094873382959257
    ]
  },
  "Du_CapR": {
    "location": [
      -0.43620489439785093,
      0,
      -2.818083035362618
    ],
    "rotation": [
      2.362021854334332,
      2.6236616098788947,
      0.5608306488862635
    ],
    "scale": [
      0.2870659481878366,
      0.628152482463225,
      0.2489563207866845
    ]
  },
  "Dual_HoCur": {
    "location": [
      3.2436550952778918,
      0,
      2.3806784926188005
    ],
    "rotation": [
      1.8071218114005196,
      0.4653221845578098,
      1.550324369208643
    ],
    "scale": [
      1.0074454527320666,
      1.7805303888921518,
      1.441967394088032
    ]
  },
  "Nih_CutBL": {
    "location": [
      -1.142840361887394,
      0,
      -3.63163404156403
    ],
    "rotation": [
      1.8423602511312718,
      3.011178543324423,
      0.6563968630433784
    ],
    "scale": [
      0.83490894777196,
      1.788939042071141,
      1.0838450748648898
    ]
  }
}