{
  "Flap_Flat": {
    "location": [
      -0.23318862389768924,
      0,
      2.2068679410787464
    ],
    "rotation": [
      3.1161855677831203,
      1.3642234942328477,
      0.2866504778564653
    ],
    "scale": [
      1.258283167492947,
      0.2567194885350794,
      1.1273513210706956
    ]
  },
  "Hexa_Re": {
    "location": [
      3.8555649353683226,
      0,
      -2.2541609134109892
    ],
    "rotation": [
      0.9235389340676935,
      2.4707852569637216,
      1.3488953114800812
    ],
    "scale": [
      0.10288316458677138,
      1.1206847172456664,
      0.03869075764677454
    ]
  },
  "Rad_CircTa": {
    "location": [
      -3.7551717729098906,
      0,
      -2.3769159679616507
    ],
    "rotation": [
      2.640469910950329,
      2.3990263734925463,
      2.2647635448605685
    ],
    "scale": [
      0.6008725420026071,
      1.5560616117722346,
      0.3666267920193691
    ]
  },
  "Angu_SmoV": {
    "location": [
      -3.184717748773896,
      0,
      -1.066509558683797
    ],
    "rotation": [
      2.435320136682764,
      2.4781384147828724,
      1.2422853778499874
    ],
    "scale": [
      0.22719969193943346,
      0.6942836119047016,
      0.18778584738463922
    ]
  },
  "Rail_One": {
    "location": [
      -4.401236688287259,
      0,
      4.429212295782946
    ],
    "rotation": [
      1.1108661531083124,
      1.7925354675373821,
      0.6014251391502808
    ],
    "scale": [
      0.8595250014755578,
      0.35263211779808357,
      1.8969880576596985
    ]
  }
}