{
  "Cir_ThrCa": {
    "location": [
      -1.8776363857768548,
      0,
      -2.732101941975969
    ],
    "rotation": [
      1.7454620495764392,
      1.5532028792434736,
      2.2881618341295638
    ],
    "scale": [
      1.417298402017132,
      1.336995025644264,
      0.5238338632515263
    ]
  },
  "Pip_RouCu": {
    "location": [
      -0.3453801707184061,
      0,
      1.318723819648386
    ],
    "rotation": [
      0.7833951290945395,
      0.8347610974858771,
      2.147561656538557
    ],
    "scale": [
      0.2215195250732629,
      1.4481952321915077,
      1.3864122902888392
    ]
  },
  "Spher_Hal": {
    "location": [
      1.4618311665095245,
      0,
      -0.6542991948920176
    ],
    "rotation": [
      1.102094868058537,
      1.367497988185664,
      1.9072000920744232
    ],
    "scale": [
      0.9005146645657054,
      1.1559235882415015,
      0.28741870280312476
    ]
  },
  "Cli_CoSim": {
    "location": [
      -4.027390308674041,
      0,
      0.34484709806359426
    ],
    "rotation": [
      0.5804918069709961,
      2.0886061187178084,
      1.5920088008941928
    ],
    "scale": [
      0.45509855910553143,
      1.261086370109737,
      0.3717444708244051
    ]
  },
  "Inw_SideSc": {
    "location": [
      2.727664257848378,
      0,
      0.7800565037734364
    ],
    "rotation": [
      1.6593609795138584,
      1.9766817380639063,
      1.9739922249089243
    ],
    "scale": [
      0.2820829910783027,
      0.09026858539835736,
      1.9202836695102259
    ]
  }
}