{
  "Bul_ArrCir": {
    "location": [
      -2.755585255788764,
      0,
      -1.7030991931198427
    ],
    "rotation": [
      2.555602957519116,
      1.1944293278343951,
      2.049868116685661
    ],
    "scale": [
      0.6683551785395132,
      1.4261922780679008,
      0.0567066083436123
    ]
  },
  "O_Long": {
    "location": [
      2.95314535389637,
      0,
      -3.8388578406139393
    ],
    "rotation": [
      0.916812678012664,
      2.4804642780791144,
      1.6149987691106467
    ],
    "scale": [
      1.983443383534829,
      0.8819431764359342,
      1.062523903308439
    ]
  },
  "Dual_HoMi": {
    "location": [
      4.141098632993035,
      0,
      0.3869175782368268
    ],
    "rotation": [
      2.697697754283886,
      0.8430671205504527,
      0.1862047302675405
    ],
    "scale": [
      1.138168834014485,
      1.8979398570144215,
      0.2076189239798676
    ]
  },
  "Curve_Cover": {
    "location": [
      -1.1162017072867911,
      0,
      -0.389036932907457
    ],
    "rotation": [
      1.928290191612388,
      0.3851081090750907,
      0.39944972303737025
    ],
    "scale": [
      1.1067189395579757,
      0.7575623031706187,
      1.154776724055808
    ]
  },
  "Pi_Long": {
    "location": [
      -1.6720080769854286,
      0,
      4.198081821229248
    ],
    "rotation": [
      2.852849150332796,
      1.6747834585561476,
      0.46685814980093343
    ],
    "scale": [
      0.05227034527468688,
      0.1493752044194967,
      1.2957795331305682
    ]
  }
}