{
  "Cyli_Connect": {
    "location": [
      2.641247349633179,
      0,
      3.9846225045553965
    ],
    "rotation": [
      2.8981621888226803,
      1.4195084176193014,
      2.1804097520440475
    ],
    "scale": [
      0.8248851732255253,
      0.8912382791712454,
      0.030004691731548627
    ]
  },
  "Hexa_In": {
    "location": [
      3.8233764735438545,
      0,
      -0.18019971577757854
    ],
    "rotation": [
      0.0008603846093281154,
      1.112239569507285,
      2.7056313390079954
    ],
    "scale": [
      0.4877374771179386,
      1.0085685268917892,
      1.9373681206833184
    ]
  },
  "Circles_Frame": {
    "location": [
      1.887087662319888,
      0,
      2.7475120677507716
    ],
    "rotation": [
      1.397476942114198,
      2.3925216260950233,
      2.7542821470521797
    ],
    "scale": [
      1.4033459555135368,
      1.2941727656374096,
      1.4970642834820642
    ]
  },
  "Hol_Cyli": {
    "location": [
      0.3408202160555991,
      0,
      0.49255783667821795
    ],
    "rotation": [
      2.656227308545671,
      1.8236196456856464,
      2.7026235643916743
    ],
    "scale": [
      1.5758753994561914,
      0.5721281737743298,
      1.0751973581610652
    ]
  },
  "Cov_PatT": {
    "location": [
      -1.7678042595501582,
      0,
      2.9557825879707034
    ],
    "rotation": [
      0.8148455579988063,
      0.08653538757463138,
      2.188992080985528
    ],
    "scale": [
      0.5258590553764675,
      0.1834330238423305,
      0.5901558434004792
    ]
  }
}