{
  "Pan_Hold": {
    "location": [
      0.9161087977125311,
      0,
      -3.7875360487476284
    ],
    "rotation": [
      2.2898372885049243,
      0.8629966456400276,
      1.6897699494151641
    ],
    "scale": [
      0.3328796932120379,
      1.54789570124715,
      1.1358501711849043
    ]
  },
  "Holl_Cover": {
    "location": [
      0.02045695537147285,
      0,
      -3.185204047382052
    ],
    "rotation": [
      2.1955896543135833,
      2.47947168310019,
      2.3003081490229538
    ],
    "scale": [
      0.8686224108125262,
      0.7765554839667987,
      1.0940280574235497
    ]
  },
  "Bri_ArrCo": {
    "location": [
      0.0902335611347409,
      0,
      -3.2653590150780483
    ],
    "rotation": [
      1.2111692382125296,
      0.2841058225229087,
      0.24298542434882828
    ],
    "scale": [
      0.38388054565660923,
      1.933326852435342,
      0.24597985263236732
    ]
  },
  "Frame_FourC": {
    "location": [
      -4.444997407423122,
      0,
      4.249128142593941
    ],
    "rotation": [
      0.2045291822869367,
      0.2635154439551863,
      2.3199697702777007
    ],
    "scale": [
      1.138107982779364,
      0.6945737764308602,
      0.45312318977777544
    ]
  },
  "Curv_ModSi": {
    "location": [
      3.298790707693983,
      0,
      -3.4370683466401237
    ],
    "rotation": [
      2.0488001039151964,
      0.7818566008166815,
      0.6953818407673122
    ],
    "scale": [
      0.12110933144063085,
      1.4663080794836563,
      1.7781016787688138
    ]
  }
}