{
  "TorusCut": {
    "location": [
      -3.896946240403571,
      0,
      -4.4237865391151585
    ],
    "rotation": [
      2.516533360901459,
      1.2560899626981517,
      2.002393092298537
    ],
    "scale": [
      1.4185662482747656,
      1.1763664936349068,
      1.8562079421799678
    ]
  },
  "Connect_Four": {
    "location": [
      -2.0692706092134316,
      0,
      2.6550858786245604
    ],
    "rotation": [
      1.074859624286433,
      2.535654551247561,
      0.9143872003591843
    ],
    "scale": [
      0.7577993327190395,
      0.3925627737252846,
      1.1936892897889022
    ]
  },
  "SideHo_Lo": {
    "location": [
      1.6981438374202718,
      0,
      -3.781264485423666
    ],
    "rotation": [
      2.8934421916430138,
      2.2134191485881436,
      1.3957600113520472
    ],
    "scale": [
      1.2586759984629778,
      1.820260353589968,
      1.9974133523964448
    ]
  },
  "Angl_PipCo": {
    "location": [
      2.1846338941874297,
      0,
      -1.3012465727676408
    ],
    "rotation": [
      0.7630195013480113,
      0.8751422949648187,
      2.413060931286536
    ],
    "scale": [
      1.8861463414620863,
      1.4850537744540822,
      0.23594391431618966
    ]
  },
  "Divi_CyliDu": {
    "location": [
      -1.0157485409660598,
      0,
      3.691421534944631
    ],
    "rotation": [
      2.04090669784657,
      1.8194805461097572,
      0.09052800716656362
    ],
    "scale": [
      1.8531423862007785,
      1.4378627288515469,
      0.13963507852546342
    ]
  }
}