{
  "Cube.001": {
    "location": [
      3.5584570066147077,
      0,
      -0.9782092178625659
    ],
    "rotation": [
      2.2109968804246694,
      0.028335389824139297,
      0.9836590788273994
    ],
    "scale": [
      0.4966453030540303,
      0.24609605328776651,
      0.23365798897217172
    ]
  },
  "O_Long": {
    "location": [
      -3.1070779312621353,
      0,
      -2.4651839839514245
    ],
    "rotation": [
      1.9820435999565742,
      1.4015173415730158,
      0.12984497188935126
    ],
    "scale": [
      0.918524284996066,
      1.2141097784712767,
      0.3368723231542541
    ]
  },
  "Con_CuSi": {
    "location": [
      0.6460753724778234,
      0,
      0.5702348611277568
    ],
    "rotation": [
      2.056025279264704,
      1.7979069282468916,
      2.8567364268689763
    ],
    "scale": [
      1.868682011186434,
      1.033421504571479,
      1.7533014092242853
    ]
  },
  "Tr_Tube": {
    "location": [
      -1.1063323114962849,
      0,
      3.39262042481295
    ],
    "rotation": [
      0.5253982313576339,
      2.8020013140556683,
      2.4748964694020987
    ],
    "scale": [
      0.7548931983020946,
      1.195938934221977,
      1.937170512809458
    ]
  },
  "Side_Bo": {
    "location": [
      4.398508100833073,
      0,
      3.6910669425187486
    ],
    "rotation": [
      0.06309167917066838,
      2.0054080187291605,
      2.4213384477322637
    ],
    "scale": [
      1.0943099326909855,
      0.6356652491614714,
      0.5648572547961961
    ]
  }
}