{
  "Tri_StaD": {
    "location": [
      0.16389062879587435,
      0,
      -4.016662469423047
    ],
    "rotation": [
      1.700060959985561,
      0.29935158750209334,
      0.05283051843935828
    ],
    "scale": [
      0.35742870915550085,
      0.4576578113541656,
      1.4911192523670056
    ]
  },
  "Bar_Handle": {
    "location": [
      -2.20025249810451,
      0,
      2.5866122253603674
    ],
    "rotation": [
      2.4540930498087525,
      1.1069123489230073,
      1.0177579135417205
    ],
    "scale": [
      1.6082060933811901,
      0.8879187887108542,
      0.059398339026476954
    ]
  },
  "Circ_Ho_Curv": {
    "location": [
      4.210561565690984,
      0,
      4.037596427009007
    ],
    "rotation": [
      2.830714423130792,
      0.4529129915775873,
      1.8241575842661295
    ],
    "scale": [
      0.9041317306981129,
      0.21588871018951172,
      0.5518358201950795
    ]
  },
  "Circ_Sta": {
    "location": [
      3.6020149187338166,
      0,
      -1.4193031270160765
    ],
    "rotation": [
      1.102885716870338,
      2.4795446966579515,
      1.5179795011510135
    ],
    "scale": [
      0.14917452884557836,
      1.5183503855399527,
      0.7466723744955233
    ]
  },
  "Sem_Prof": {
    "location": [
      0.5561348136992601,
      0,
      2.834023828978429
    ],
    "rotation": [
      1.869928823280518,
      2.0391142674792424,
      1.6952126260710159
    ],
    "scale": [
      0.10595726329713706,
      0.6884915641588092,
      0.09121860417078786
    ]
  }
}