{
  "Omega_Fr": {
    "location": [
      -3.3429746702703396,
      0,
      1.0606437952197112
    ],
    "rotation": [
      1.445708931342644,
      2.9643597300659015,
      1.8709181927641922
    ],
    "scale": [
      0.3092081536066713,
      1.2697541545423412,
      0.1595755462165429
    ]
  },
  "Curve_Be": {
    "location": [
      -0.6268620474961875,
      0,
      -4.309514456570152
    ],
    "rotation": [
      2.5298289710049064,
      2.1125042948902366,
      1.4364830524738281
    ],
    "scale": [
      1.8097514288910659,
      1.610606585887264,
      0.11221311788821176
    ]
  },
  "Dual_C_Hold": {
    "location": [
      -2.8254195552957033,
      0,
      -3.516727573028686
    ],
    "rotation": [
      2.45530358579249,
      1.4757591773114622,
      0.6238226248234854
    ],
    "scale": [
      1.6258422437258915,
      0.6344946713463744,
      1.4089382358071185
    ]
  },
  "Plane.001": {
    "location": [
      -3.870390964154461,
      0,
      4.160635835457491
    ],
    "rotation": [
      0.07401937344511925,
      0.584129794165701,
      1.1208990772152843
    ],
    "scale": [
      0.040560037280154004,
      1.4580394011078,
      1.343866477323543
    ]
  },
  "Circu_Stand": {
    "location": [
      -3.356322545333834,
      0,
      -3.1818955577308277
    ],
    "rotation": [
      1.108739314784778,
      1.3236840402370156,
      1.1446012401805599
    ],
    "scale": [
      0.8646205743429369,
      1.6177374979148114,
      0.4905074767232902
    ]
  }
}