{
  "Hol_UbeM": {
    "location": [
      -0.4004578005111661,
      0,
      3.272846433008718
    ],
    "rotation": [
      1.8514444397117538,
      3.0888584741994043,
      0.22146622524486786
    ],
    "scale": [
      0.8462072873956072,
      1.133570313104874,
      0.5736185652392234
    ]
  },
  "Ven_HemiCov": {
    "location": [
      -2.6810307676184677,
      0,
      -3.9092231738361165
    ],
    "rotation": [
      0.024771023653112356,
      2.6429188115235602,
      0.6831206452246915
    ],
    "scale": [
      1.1850804402467863,
      1.2204911264738085,
      1.5889729699699016
    ]
  },
  "Curve_Cover": {
    "location": [
      -1.940096050062527,
      0,
      0.8736771747724106
    ],
    "rotation": [
      0.577441632178031,
      0.08205824824525612,
      2.263348046727956
    ],
    "scale": [
      1.4579270516063694,
      0.4147390209555897,
      1.3805039876934049
    ]
  },
  "Tri_Hol": {
    "location": [
      -2.7869013414867587,
      0,
      -1.0732263065860517
    ],
    "rotation": [
      0.851530125852485,
      2.0723790164845743,
      2.5193122348409145
    ],
    "scale": [
      1.1439943954052683,
      0.6763898732466884,
      0.3925766628569649
    ]
  },
  "Circle_Pi": {
    "location": [
      3.2008347552108765,
      0,
      0.8682030506164509
    ],
    "rotation": [
      2.6882869749286624,
      2.65768565440047,
      1.7900417457966056
    ],
    "scale": [
      0.6714853105142911,
      0.4433768019723625,
      1.1466703180302298
    ]
  }
}