{
  "Rac_FraBe": {
    "location": [
      -0.7758218698267512,
      0,
      0.2604919307192155
    ],
    "rotation": [
      1.2480875328717482,
      1.2181644757799381,
      0.9343721275422752
    ],
    "scale": [
      1.9705173355150216,
      0.8112312846738279,
      1.6125400349295127
    ]
  },
  "Lo_Sty": {
    "location": [
      0.9761538389209967,
      0,
      -1.5613441281855565
    ],
    "rotation": [
      2.1645714309161797,
      2.744200043786078,
      1.5128732633376185
    ],
    "scale": [
      1.4060490648523793,
      0.6628480255364704,
      0.33538931366773395
    ]
  },
  "Ben_Thi": {
    "location": [
      -3.2689218151890125,
      0,
      3.2388000941842474
    ],
    "rotation": [
      1.1524753354244195,
      0.5219133276798944,
      2.3460193656227375
    ],
    "scale": [
      1.5307323002160895,
      0.10025822100206239,
      1.6817893329654499
    ]
  },
  "UpOrDown": {
    "location": [
      2.520026783160236,
      0,
      1.121539943262139
    ],
    "rotation": [
      0.05540669890129027,
      0.39063975740673434,
      1.6772550096811418
    ],
    "scale": [
      0.7611666125928584,
      1.2294937891544255,
      0.583034032919197
    ]
  },
  "Tile_Vent_One": {
    "location": [
      -0.9891005401903783,
      0,
      2.4608023915726926
    ],
    "rotation": [
      1.6113166395807708,
      0.5136325794964189,
      0.7478292681928517
    ],
    "scale": [
      0.5205356590973806,
      0.5527896131126033,
      1.4947615409094985
    ]
  }
}