{
  "St_Hold": {
    "location": [
      -1.9953738417641311,
      0,
      4.1516754715237365
    ],
    "rotation": [
      2.370713859274711,
      1.0044796922689783,
      1.0427478637967453
    ],
    "scale": [
      1.2908589507801573,
      1.300826470228117,
      1.4691133317626905
    ]
  },
  "Octa_Cover": {
    "location": [
      2.0958905717801954,
      0,
      -1.6366620880463625
    ],
    "rotation": [
      2.3930882352236416,
      1.695707045795609,
      1.9191597397915878
    ],
    "scale": [
      0.48923680477163733,
      1.968174446464649,
      1.2658774223717104
    ]
  },
  "He_Stack": {
    "location": [
      1.1930628851207334,
      0,
      2.3116418453356635
    ],
    "rotation": [
      2.5046128429159538,
      0.41370983435754827,
      0.5526674938082785
    ],
    "scale": [
      1.1014367849927102,
      1.7979090912848534,
      0.181035655064967
    ]
  },
  "Dual_RoSi": {
    "location": [
      -0.628105280279426,
      0,
      -3.767681235886124
    ],
    "rotation": [
      2.1685475879272493,
      0.677841439265402,
      2.071874140518493
    ],
    "scale": [
      0.5318014916913885,
      0.8685950465941474,
      1.8819675899769557
    ]
  },
  "Hexa_Cam": {
    "location": [
      -1.005896001358725,
      0,
      3.4683916561877925
    ],
    "rotation": [
      0.6648516451831074,
      1.874268868826962,
      2.8243676854134647
    ],
    "scale": [
      1.5200639664240567,
      0.3961493447316473,
      1.981541360723711
    ]
  }
}