{
  "Tow_TileLi": {
    "location": [
      -4.321345144820127,
      0,
      1.5454550411785162
    ],
    "rotation": [
      2.276131396333381,
      0.10306310488372263,
      1.8237357892544344
    ],
    "scale": [
      0.9836200188467132,
      1.111986473575082,
      1.8698649981233055
    ]
  },
  "Sim_Plu": {
    "location": [
      3.144825143796896,
      0,
      0.38426727413879114
    ],
    "rotation": [
      2.0674937779032097,
      2.4115493848509315,
      1.4995982974372188
    ],
    "scale": [
      0.3521352862343172,
      1.724173185705367,
      0.1461282364212877
    ]
  },
  "Hem_Tub": {
    "location": [
      0.22892857574276526,
      0,
      -2.6477069855382624
    ],
    "rotation": [
      1.143209683573657,
      1.87676476627007,
      1.2520282240642224
    ],
    "scale": [
      1.9304079943521355,
      0.06331494808469418,
      0.26775589894115615
    ]
  },
  "Dual_SplitCor": {
    "location": [
      -2.856681241296921,
      0,
      -0.6314396839575909
    ],
    "rotation": [
      2.0024787232551877,
      0.5883759436397062,
      0.1992262027656132
    ],
    "scale": [
      1.1021116236959467,
      1.6408840904312374,
      1.3007744274329893
    ]
  },
  "Curve_Cover": {
    "location": [
      0.5814290975744552,
      0,
      -2.7321185238162187
    ],
    "rotation": [
      1.2872879671410744,
      0.08283797584751522,
      1.4512985283330524
    ],
    "scale": [
      1.397274369806291,
      0.3558744624664816,
      0.8910597787878938
    ]
  }
}