{
  "Roun_BuTi": {
    "location": [
      3.568353596783165,
      0,
      0.6422274304922855
    ],
    "rotation": [
      2.994056033094456,
      2.660728526116997,
      2.867021801308041
    ],
    "scale": [
      0.03855042941204001,
      0.7088954881475813,
      1.793422108515152
    ]
  },
  "X_Panel": {
    "location": [
      -3.3049090309040228,
      0,
      1.6908712593030666
    ],
    "rotation": [
      1.8626287161568442,
      0.20570527424299992,
      2.9375918658270628
    ],
    "scale": [
      0.8668328391497775,
      0.2535028123404819,
      0.25254498202490105
    ]
  },
  "Array_Ch": {
    "location": [
      -4.027844322230802,
      0,
      -4.0911835027536645
    ],
    "rotation": [
      1.5862667027743342,
      0.3300522012965127,
      2.8050714054187313
    ],
    "scale": [
      1.3542134034216555,
      1.1849275877259278,
      1.886721933038046
    ]
  },
  "Dual_Hemi": {
    "location": [
      1.669993953571855,
      0,
      2.809748005483364
    ],
    "rotation": [
      0.35774362205650095,
      0.9534001038960946,
      0.8768575353812093
    ],
    "scale": [
      1.206846157026535,
      0.21912077641113714,
      1.9348967724552593
    ]
  },
  "Omega_Fr": {
    "location": [
      -2.590972292312226,
      0,
      2.376350017697395
    ],
    "rotation": [
      1.8280473789151863,
      0.7905010816418032,
      0.7775183047077009
    ],
    "scale": [
      0.23476141021769603,
      1.6424192869028276,
      1.0456331495880362
    ]
  }
}