{
  "Pan_Sharp": {
    "location": [
      -3.7142866182076504,
      0,
      0.09016656069131557
    ],
    "rotation": [
      0.1644217003919652,
      3.0168515762114305,
      2.826182808148755
    ],
    "scale": [
      1.145153478685283,
      0.08915158975668103,
      1.8800681807016915
    ]
  },
  "Pip_Hol": {
    "location": [
      0.7748799161036173,
      0,
      0.17800147704168268
    ],
    "rotation": [
      0.9904664928428177,
      1.2950265175784361,
      1.550634522386536
    ],
    "scale": [
      0.9682375121582845,
      1.3390700723764806,
      1.151432416272861
    ]
  },
  "Simple_Box": {
    "location": [
      -3.848700831574763,
      0,
      -2.759072985968551
    ],
    "rotation": [
      0.004741942529736465,
      2.4227955506527583,
      1.6243876244511126
    ],
    "scale": [
      1.1651768787663552,
      1.8127423105229243,
      0.8965344434273395
    ]
  },
  "Curv_Hold": {
    "location": [
      3.334281502792405,
      0,
      -3.299983499508201
    ],
    "rotation": [
      1.9004532244619525,
      1.2669955084260554,
      0.22327757349653315
    ],
    "scale": [
      1.647614483928176,
      1.4131474704983489,
      1.9553066455765582
    ]
  },
  "Frame_FourC": {
    "location": [
      4.440309080590309,
      0,
      -2.671719242620253
    ],
    "rotation": [
      1.8239829607193705,
      1.5316275636202716,
      1.92056025252814
    ],
    "scale": [
      1.3685046128061613,
      0.7890397633704223,
      0.245074026350381
    ]
  }
}