{
  "Circle.003": {
    "location": [
      1.0601451654761131,
      0,
      -1.3478479972581137
    ],
    "rotation": [
      2.6724949098587003,
      0.3900316365060513,
      2.5510284839057973
    ],
    "scale": [
      1.047710480772419,
      1.8887964433943512,
      1.4225535839219008
    ]
  },
  "Hex_CirCL": {
    "location": [
      -3.120943114380269,
      0,
      2.1555582267671376
    ],
    "rotation": [
      0.08423231204681039,
      2.542069059357257,
      1.8535161261158792
    ],
    "scale": [
      0.6142588539618226,
      1.830211918697978,
      1.844955816412943
    ]
  },
  "Gun_H_Arm": {
    "location": [
      0.47307066801150555,
      0,
      -3.130732362116101
    ],
    "rotation": [
      1.3142669963492442,
      0.6460309915805638,
      2.957076006380866
    ],
    "scale": [
      0.7706500318040639,
      1.1416653493146522,
      1.9699239685492984
    ]
  },
  "Spl_Curv": {
    "location": [
      1.6264461373690358,
      0,
      -1.368234557356252
    ],
    "rotation": [
      2.309619361194158,
      0.710081054743542,
      2.9803695285496445
    ],
    "scale": [
      1.6257390631248303,
      0.9601787593880675,
      0.16897004900737222
    ]
  },
  "Side_WaSi": {
    "location": [
      3.9147886000157968,
      0,
      0.6975758140234065
    ],
    "rotation": [
      2.3106394841733873,
      2.514979016750916,
      2.6203864095276312
    ],
    "scale": [
      0.873190663681352,
      1.1386007067663266,
      0.8812731493748218
    ]
  }
}