{
  "Panel_Array": {
    "location": [
      -3.951882066798907,
      0,
      -4.011445326309222
    ],
    "rotation": [
      2.3424185676198612,
      1.0258364271061768,
      2.8922916648970634
    ],
    "scale": [
      0.4496730830775566,
      0.9169748182383497,
      1.2550570835049044
    ]
  },
  "Pip_Hol": {
    "location": [
      -4.169107869168926,
      0,
      -1.4557013072785177
    ],
    "rotation": [
      1.1113960826549052,
      0.8074217010444363,
      2.2541872901819175
    ],
    "scale": [
      0.6049906545363659,
      1.3696466178714686,
      1.8358457479505363
    ]
  },
  "T_Fat": {
    "location": [
      2.2135745736705976,
      0,
      -2.513804469951979
    ],
    "rotation": [
      1.655242229192438,
      2.962840040863038,
      2.963632195353929
    ],
    "scale": [
      0.34098785253688324,
      0.8275900094041395,
      1.168291910030984
    ]
  },
  "Sig_Sm_Two": {
    "location": [
      -2.918736971113315,
      0,
      1.3141306531872754
    ],
    "rotation": [
      1.1140805624863896,
      2.856702255296975,
      2.0318977989937688
    ],
    "scale": [
      1.0130273734766972,
      0.5167661507030943,
      1.7725963484979772
    ]
  },
  "Lo_Sty": {
    "location": [
      -0.18185860440105017,
      0,
      -0.5071649791875252
    ],
    "rotation": [
      2.19286721831536,
      2.827633632526386,
      1.9558944541350158
    ],
    "scale": [
      0.43443311770409765,
      1.6008655971733279,
      0.39399996636898393
    ]
  }
}