{
  "Cyli_Hol": {
    "location": [
      0.8331127297945358,
      0,
      2.1263170639193705
    ],
    "rotation": [
      1.6390532999415692,
      2.90849847685365,
      2.948851279409672
    ],
    "scale": [
      1.5934425733289388,
      0.28449516473337466,
      0.20401437632871566
    ]
  },
  "Round_Conn": {
    "location": [
      1.072477510301967,
      0,
      -3.8137892646867946
    ],
    "rotation": [
      0.47917738103222324,
      2.967589493465812,
      2.1860157241222553
    ],
    "scale": [
      0.6224297668219569,
      0.609812822149393,
      1.5286765946014171
    ]
  },
  "Cargo_Simp": {
    "location": [
      -0.9753146756551994,
      0,
      2.372208972366157
    ],
    "rotation": [
      0.9924091654795157,
      1.644345227200078,
      2.2338589860626534
    ],
    "scale": [
      0.4097824501226883,
      1.0759374188238413,
      1.1912790344024646
    ]
  },
  "Kig_L": {
    "location": [
      -3.9381964968534366,
      0,
      2.13794631110867
    ],
    "rotation": [
      2.8014165680357586,
      2.277125813769207,
      0.3788947251630964
    ],
    "scale": [
      0.05022080220489222,
      1.0973773505925186,
      0.14525269669805385
    ]
  },
  "Round_Frame_Ri": {
    "location": [
      3.8079151946209198,
      0,
      -3.3681176213870714
    ],
    "rotation": [
      3.121074404105699,
      1.2694098646778635,
      0.31881009637718827
    ],
    "scale": [
      1.702844527827108,
      1.414456189173677,
      1.8811229506818954
    ]
  }
}