{
  "Sim_Plu": {
    "location": [
      2.2530294395207147,
      0,
      1.4336801343687418
    ],
    "rotation": [
      1.6496060599143747,
      0.8869839143804351,
      1.7687037585265228
    ],
    "scale": [
      1.750432690576382,
      0.7565224278171567,
      0.7009992942225305
    ]
  },
  "Hol_Fra": {
    "location": [
      -0.9902830960530045,
      0,
      -1.0120757050554428
    ],
    "rotation": [
      3.103626561327996,
      1.6021918974465688,
      1.258212983319064
    ],
    "scale": [
      0.6679296269930894,
      0.5237950612188149,
      1.8896304028366666
    ]
  },
  "Flo_or_Wall": {
    "location": [
      -0.32641639515925736,
      0,
      3.019435450980491
    ],
    "rotation": [
      0.6234723350447603,
      1.3115356733796188,
      0.6654580246238991
    ],
    "scale": [
      0.9878678712895583,
      0.8317023347931218,
      0.7747611093278584
    ]
  },
  "Be_TwoS": {
    "location": [
      1.9134215588801675,
      0,
      0.929010344756227
    ],
    "rotation": [
      2.9314034292270716,
      0.5314025410800618,
      2.415505586281684
    ],
    "scale": [
      0.9712660368265933,
      0.4506875443386258,
      1.6459090752819214
    ]
  },
  "E_PlaneSt": {
    "location": [
      -4.140461737655658,
      0,
      -0.4761072322016311
    ],
    "rotation": [
      2.22511951075471,
      1.6595368107482877,
      0.23400240943870687
    ],
    "scale": [
      1.957611733540063,
      1.4506842095718415,
      0.1283083123024773
    ]
  }
}