{
  "Hol_DiRo": {
    "location": [
      -1.070813790038057,
      0,
      1.254841186120954
    ],
    "rotation": [
      0.12105277551937335,
      1.2828026608591103,
      0.8536888011660452
    ],
    "scale": [
      1.7765361529049761,
      0.7036925116557653,
      1.0963156568326593
    ]
  },
  "Cov_RounCu": {
    "location": [
      -3.898044212915235,
      0,
      -0.02217088117257937
    ],
    "rotation": [
      0.7646457749073182,
      3.0720342552849296,
      1.93782423674365
    ],
    "scale": [
      1.8272859451097823,
      0.18067970853869908,
      1.931838376049888
    ]
  },
  "Circl_Di_Two": {
    "location": [
      -4.116908577756808,
      0,
      0.7268144844056099
    ],
    "rotation": [
      0.703942391020605,
      0.9665132098640611,
      1.552690548975425
    ],
    "scale": [
      1.8559831317553486,
      0.8902784503136456,
      0.9523165244586913
    ]
  },
  "": {
    "location": [
      -0.767304006221889,
      0,
      -3.8627196564683466
    ],
    "rotation": [
      0.23485239658156773,
      2.32884045782976,
      2.14851659057391
    ],
    "scale": [
      1.819538475847744,
      0.6475066916415313,
      0.14685330960466314
    ]
  },
  "Hull_Main": {
    "location": [
      -1.981660737843109,
      0,
      3.2375560067267886
    ],
    "rotation": [
      1.4156537212153284,
      1.1635478530424042,
      2.5092222590265227
    ],
    "scale": [
      1.6289562908956208,
      0.29067232366656137,
      0.5429822265198911
    ]
  }
}