{
  "Cont_StCu": {
    "location": [
      0.5946265368021502,
      0,
      -1.6441348140807786
    ],
    "rotation": [
      1.4513691555034176,
      2.100724840225865,
      0.022626235324523198
    ],
    "scale": [
      0.391531491595424,
      0.5494152219906021,
      1.6207706022064976
    ]
  },
  "SideP_Arr": {
    "location": [
      -4.4329945974073395,
      0,
      0.0685219333381415
    ],
    "rotation": [
      0.3014564924644193,
      2.399164307383742,
      0.04924974604427257
    ],
    "scale": [
      1.0256279617677704,
      0.7757697109243797,
      1.1413449967531948
    ]
  },
  "W_Frame_More": {
    "location": [
      1.4542694818612096,
      0,
      3.384548561065639
    ],
    "rotation": [
      0.23220801763410792,
      1.265067467122529,
      0.6212885018373174
    ],
    "scale": [
      0.5700117998206007,
      1.9522773687420634,
      1.9819186555672434
    ]
  },
  "Pu_CliCu": {
    "location": [
      0.6331455911511101,
      0,
      -0.03827095596408103
    ],
    "rotation": [
      0.4939443782715068,
      2.8923691268921896,
      2.002656469760458
    ],
    "scale": [
      1.3563918897283114,
      0.03622776128898164,
      0.8311995194674122
    ]
  },
  "Pip_RouCu": {
    "location": [
      0.7014208543347529,
      0,
      -3.8704711784450723
    ],
    "rotation": [
      1.537459707256264,
      1.3803034686421658,
      1.457435075086963
    ],
    "scale": [
      0.22630819361636778,
      1.720194485743626,
      0.2974435786509193
    ]
  }
}