{
  "Sim_Plu": {
    "location": [
      -4.092746626325778,
      0,
      2.6721242897378525
    ],
    "rotation": [
      2.3643450714587284,
      2.8880645787405084,
      0.01879041976755364
    ],
    "scale": [
      1.8161427555548464,
      1.9356187370652576,
      0.9942069987562729
    ]
  },
  "Circle.008": {
    "location": [
      -3.0624931137205924,
      0,
      -0.7994148184897836
    ],
    "rotation": [
      0.42762919636172014,
      0.15336333873366345,
      1.8614916982633305
    ],
    "scale": [
      1.1514626406169368,
      0.5303005592857255,
      1.5208943940058526
    ]
  },
  "Tile_Deco": {
    "location": [
      1.779755561146672,
      0,
      0.14821091793400765
    ],
    "rotation": [
      0.3356608592553274,
      1.5361192121494662,
      2.4614367083273816
    ],
    "scale": [
      0.8969994181401919,
      0.8548384513232878,
      0.22332840753152983
    ]
  },
  "Thick_Frame": {
    "location": [
      -0.1982964297940768,
      0,
      4.288466782178354
    ],
    "rotation": [
      0.6459883629283635,
      1.1854884971077444,
      2.5517102967418817
    ],
    "scale": [
      1.6355079185853898,
      1.0548909512100217,
      0.06952285673738023
    ]
  },
  "Cyli_Frame": {
    "location": [
      -4.166917891454977,
      0,
      -2.3481112309897423
    ],
    "rotation": [
      2.655635360878092,
      1.3806591783065862,
      1.4151610065821774
    ],
    "scale": [
      1.9944825884884483,
      1.885778347509941,
      1.9167128729241147
    ]
  }
}