{
  "PI_BriCu": {
    "location": [
      3.5535205152690033,
      0,
      -2.3483806087300856
    ],
    "rotation": [
      0.30600714282627217,
      2.952884959648707,
      2.0894764866444593
    ],
    "scale": [
      1.3657296416225222,
      0.7323213701873583,
      1.272781060066969
    ]
  },
  "Dual_Split": {
    "location": [
      -2.038125743989364,
      0,
      -2.7287160174869993
    ],
    "rotation": [
      2.128605721978841,
      0.8256623737012466,
      1.7955653266698783
    ],
    "scale": [
      0.7557549666624619,
      0.04839448611753805,
      1.1575718882313406
    ]
  },
  "Flat_Slice": {
    "location": [
      -2.586993363943443,
      0,
      -0.6781036070326896
    ],
    "rotation": [
      0.7132275564897967,
      2.742779113734625,
      1.0933140287633303
    ],
    "scale": [
      1.4048616715186977,
      1.06015023924258,
      1.7899090106769493
    ]
  },
  "Thr_NeTi": {
    "location": [
      -3.2889964776535434,
      0,
      3.648072876004189
    ],
    "rotation": [
      2.1548212169803045,
      2.2125524275264774,
      2.7285717283946354
    ],
    "scale": [
      0.20120600513685938,
      1.0415424983884238,
      0.9644122966833197
    ]
  },
  "Ring_Unn": {
    "location": [
      0.8771223344835679,
      0,
      -3.5751351434946246
    ],
    "rotation": [
      2.527239282752907,
      0.8393970224589095,
      2.8744224376430774
    ],
    "scale": [
      1.7030295224306389,
      0.7080057691866892,
      0.6612842058336228
    ]
  }
}