{
  "Join_Smooth": {
    "location": [
      -2.9982177374052084,
      0,
      2.9468853880488677
    ],
    "rotation": [
      2.831524620981039,
      1.5207273272769144,
      0.21850235001030213
    ],
    "scale": [
      0.9732948400379393,
      0.969816688547062,
      1.5164320441834827
    ]
  },
  "Spl_TubUd": {
    "location": [
      -2.953911418082134,
      0,
      -3.5048213664671315
    ],
    "rotation": [
      0.6571642352212268,
      2.8405901870790697,
      2.9250074523720184
    ],
    "scale": [
      1.1649076155992324,
      1.309617257879238,
      0.7090395272404553
    ]
  },
  "Dual_C_Hold": {
    "location": [
      0.8298216447197273,
      0,
      4.151753602899888
    ],
    "rotation": [
      2.2134899029928836,
      1.8136896174391188,
      0.8713788495570297
    ],
    "scale": [
      0.6775186182627986,
      1.2485176823158222,
      0.23240706398377187
    ]
  },
  "Pi_RouSh": {
    "location": [
      -1.4878223900988736,
      0,
      3.109906851645137
    ],
    "rotation": [
      2.160963718408891,
      1.1724716860038902,
      2.4172897240104803
    ],
    "scale": [
      0.14963215313487233,
      1.415874177267723,
      0.2560341056258584
    ]
  },
  "Cir_ThrCa": {
    "location": [
      -3.9624885376743433,
      0,
      -4.146134315335303
    ],
    "rotation": [
      2.0855446364083137,
      0.7652554230745588,
      1.9213290373090792
    ],
    "scale": [
      1.426797895320676,
      1.5805682047095095,
      1.3936378290944982
    ]
  }
}