{
  "Hex_CutPad": {
    "location": [
      -1.3739882668888388,
      0,
      1.6257666853083927
    ],
    "rotation": [
      2.101848605948078,
      2.9942255365161734,
      1.630613868612476
    ],
    "scale": [
      0.8303599614854924,
      0.3928055925662248,
      0.4272805532754329
    ]
  },
  "Screw_MoTwo": {
    "location": [
      0.6941420940027534,
      0,
      -1.972006402734297
    ],
    "rotation": [
      0.8797866145189474,
      0.5269360554519478,
      0.10183590524575334
    ],
    "scale": [
      1.1997915255325906,
      1.1893039396377423,
      0.9114783028383595
    ]
  },
  "Dual_Cover": {
    "location": [
      0.9097226359125896,
      0,
      0.16061817801927525
    ],
    "rotation": [
      2.3051587817528385,
      0.5194115176040274,
      2.633706189319821
    ],
    "scale": [
      1.1156554103393332,
      1.0291278965521125,
      0.7534660886246842
    ]
  },
  "Spher_Hal": {
    "location": [
      1.3523794759355807,
      0,
      4.366385717014934
    ],
    "rotation": [
      0.6412652224754857,
      3.0431269777468177,
      1.9876781353950068
    ],
    "scale": [
      1.1770659163987875,
      0.9475847516284353,
      1.7894605906226995
    ]
  },
  "Plug_Sm_Three": {
    "location": [
      3.9639379721243113,
      0,
      -0.9259067842896695
    ],
    "rotation": [
      0.9159242817782819,
      2.76051163837311,
      2.487936925564982
    ],
    "scale": [
      1.4406141426738022,
      1.1124127346885702,
      0.9315117179930053
    ]
  }
}