{
  "Circle.009": {
    "location": [
      1.03376490078574,
      0,
      -0.32265949365437585
    ],
    "rotation": [
      0.879677826701115,
      2.860909096052237,
      0.4751678007289326
    ],
    "scale": [
      0.5332408854977579,
      0.995880978646023,
      0.14976892649278573
    ]
  },
  "Circ_Sli_Cu": {
    "location": [
      3.4571535623854475,
      0,
      0.38192841648450404
    ],
    "rotation": [
      2.9694967982976337,
      1.6968629142853136,
      1.2794061052794619
    ],
    "scale": [
      1.9899215407156672,
      1.0889747806996348,
      0.06601484187285744
    ]
  },
  "Si_Mir": {
    "location": [
      -0.9084817902295441,
      0,
      -1.9014074581847002
    ],
    "rotation": [
      2.8110159413334377,
      2.951874235115367,
      1.2654066358649088
    ],
    "scale": [
      0.13393662727656186,
      1.3324130720651979,
      1.0209240445917898
    ]
  },
  "Bev_Rail": {
    "location": [
      -2.742125769574218,
      0,
      1.9380512088669342
    ],
    "rotation": [
      2.7758465513977346,
      1.374415918487797,
      1.7925044712684186
    ],
    "scale": [
      0.27547374993110973,
      0.27817014766057047,
      1.1259613718849988
    ]
  },
  "Side_WaSi": {
    "location": [
      -3.9245787653403577,
      0,
      4.245582880934677
    ],
    "rotation": [
      0.5924861253280471,
      1.9093402268087794,
      1.7974899909787867
    ],
    "scale": [
      1.5144200963058645,
      0.37686838808451917,
      0.8878246222976838
    ]
  }
}