{
  "SlidR_Simp": {
    "location": [
      -1.6863281601393547,
      0,
      -4.137796186770776
    ],
    "rotation": [
      0.9341096925839915,
      0.5106993076533436,
      1.3859674343922226
    ],
    "scale": [
      1.5662869158328787,
      1.512760517935964,
      0.845154785673722
    ]
  },
  "Pu_CliCu": {
    "location": [
      3.7884515350453967,
      0,
      1.0880832931552593
    ],
    "rotation": [
      2.7351934194423824,
      1.9399368217634276,
      2.8077138509733617
    ],
    "scale": [
      0.7823996318371003,
      0.27262491168079683,
      0.8964483823575564
    ]
  },
  "Ben_BeaFi": {
    "location": [
      3.265719682689122,
      0,
      -2.884700304419188
    ],
    "rotation": [
      1.8483007314162003,
      1.5280653721455575,
      1.4157024742990532
    ],
    "scale": [
      0.8609758800620255,
      0.7354019919649326,
      1.2616928834778118
    ]
  },
  "Be_Bri_SL": {
    "location": [
      1.8637065471884604,
      0,
      -1.0945430522056476
    ],
    "rotation": [
      2.215582494983866,
      2.676423600411992,
      0.8155364909186334
    ],
    "scale": [
      0.6813942538032454,
      0.9661119919905825,
      0.7857506652022108
    ]
  },
  "Du_CovP": {
    "location": [
      -0.07383587273686665,
      0,
      -2.1329516085845173
    ],
    "rotation": [
      0.08824877347105858,
      1.5660825716558775,
      2.0472990546788106
    ],
    "scale": [
      0.4778178803820645,
      1.9866875058011313,
      0.030678487095509466
    ]
  }
}