{
  "Tube_HolS": {
    "location": [
      -2.4746585001570054,
      0,
      4.150270899501923
    ],
    "rotation": [
      1.9493594092405915,
      3.135170721108705,
      0.10515796292055153
    ],
    "scale": [
      0.5568300310679608,
      1.682813776993675,
      0.17493634317179363
    ]
  },
  "Half_Cutt": {
    "location": [
      -4.396857787095064,
      0,
      -1.069385993534707
    ],
    "rotation": [
      3.05647810413296,
      0.32822122358547257,
      0.5399208281769845
    ],
    "scale": [
      0.6034435333592068,
      0.9726118130811894,
      0.9009890376379537
    ]
  },
  "Round_Bo": {
    "location": [
      -2.435993194486223,
      0,
      -4.1170764851898145
    ],
    "rotation": [
      1.7682370988534877,
      0.6332900164854267,
      0.6710915246525122
    ],
    "scale": [
      1.338217975364655,
      1.099011623813549,
      0.8656201356718787
    ]
  },
  "Roundy_Co": {
    "location": [
      0.13772828764175848,
      0,
      2.7686212311067777
    ],
    "rotation": [
      0.9619928198790766,
      1.8421258093123174,
      1.5030024369010229
    ],
    "scale": [
      1.2790561017688213,
      1.3508033038027027,
      1.1429715899681097
    ]
  },
  "Sha_Container": {
    "location": [
      2.687836330485327,
      0,
      -1.7310844774335497
    ],
    "rotation": [
      1.2584605434638376,
      1.7620035458092116,
      2.8382120133120132
    ],
    "scale": [
      0.8229383122506324,
      1.7477737842567822,
      1.3427252694429508
    ]
  }
}