{
  "CubeR_Prof": {
    "location": [
      -0.29601850873282043,
      0,
      -1.5975615555829177
    ],
    "rotation": [
      2.3029276694483913,
      0.9308365220924618,
      0.4337192303806056
    ],
    "scale": [
      1.2060302295541339,
      1.1064120237368547,
      0.3096641153380457
    ]
  },
  "Sca_DetMi": {
    "location": [
      2.8697591894706385,
      0,
      -1.0496448695487253
    ],
    "rotation": [
      0.05653956438118432,
      2.020491698411332,
      1.80025083887483
    ],
    "scale": [
      1.1115443920888644,
      1.574424877003681,
      0.9012717338366136
    ]
  },
  "Colu_S": {
    "location": [
      2.8108646245758324,
      0,
      -3.849141744128878
    ],
    "rotation": [
      0.769964972190465,
      1.8772117200053275,
      2.9631896804947093
    ],
    "scale": [
      0.7862132163784403,
      0.5639811834530255,
      0.38934077104189657
    ]
  },
  "Roundy_Co": {
    "location": [
      -2.851813731358439,
      0,
      -2.8199305426019503
    ],
    "rotation": [
      0.3459908548437804,
      1.3383763134102462,
      0.8016908274456228
    ],
    "scale": [
      1.2774435244062263,
      0.9976261411740537,
      1.6532117258364751
    ]
  },
  "Hexa_PanLo": {
    "location": [
      2.343847379382482,
      0,
      -0.20950453197161156
    ],
    "rotation": [
      0.6594237080702651,
      1.856761120977305,
      0.9479898167212315
    ],
    "scale": [
      1.4122137941040203,
      0.8414709631733122,
      1.5018450371984635
    ]
  }
}