{
  "Colu_S": {
    "location": [
      2.83069517607127,
      0,
      3.344468312812701
    ],
    "rotation": [
      0.8697600924926248,
      0.2893670679858926,
      0.9028771718538875
    ],
    "scale": [
      0.3241006632863781,
      1.370789499050885,
      0.7509119667068926
    ]
  },
  "Offs_Cover": {
    "location": [
      4.467351391044902,
      0,
      -2.810926558702011
    ],
    "rotation": [
      1.5139487138327945,
      0.777028988833968,
      0.4323524618315762
    ],
    "scale": [
      0.23473957740594864,
      1.681324950302716,
      0.0342912777323543
    ]
  },
  "Rou_Cir": {
    "location": [
      -3.0798849318811827,
      0,
      0.14098911808036885
    ],
    "rotation": [
      0.7507711810559221,
      2.265974071069469,
      2.2227844794361657
    ],
    "scale": [
      0.06771349122719195,
      1.3212606292135063,
      0.6249966985670055
    ]
  },
  "Cir_LifR": {
    "location": [
      4.379352448028651,
      0,
      -2.4359195168836223
    ],
    "rotation": [
      1.452587380781707,
      2.9943370371772513,
      2.450680637881277
    ],
    "scale": [
      0.739185665590242,
      0.013233317195619376,
      0.43272066175421786
    ]
  },
  "Rad_CircTa": {
    "location": [
      4.117137465487934,
      0,
      -2.801416396213749
    ],
    "rotation": [
      2.3679930955207813,
      2.385438192174822,
      2.9736477108660577
    ],
    "scale": [
      0.286975730501859,
      1.5257451898164036,
      1.0142469536319356
    ]
  }
}