{
  "Colu_S": {
    "location": [
      -2.5212564138089366,
      0,
      -4.011927870381621
    ],
    "rotation": [
      1.0267953676390131,
      1.5612499525511185,
      0.7910547137436968
    ],
    "scale": [
      0.6694127919466855,
      0.8907327363291806,
      1.699050391904932
    ]
  },
  "Hemi_CutCo": {
    "location": [
      0.6725358459122246,
      0,
      3.1617624626659424
    ],
    "rotation": [
      1.7988248075093785,
      1.2951013710137405,
      0.9483853443281143
    ],
    "scale": [
      1.7884466199077638,
      0.19212409085974214,
      0.9494399847032471
    ]
  },
  "Prot_Strip": {
    "location": [
      -0.5476819148611405,
      0,
      4.083542855944289
    ],
    "rotation": [
      1.0103767525658278,
      1.1325130251719104,
      2.627130954804373
    ],
    "scale": [
      1.6768402976217265,
      0.7319248062869395,
      0.7938008498829279
    ]
  },
  "Stu_BeHo": {
    "location": [
      -2.963975979168646,
      0,
      2.5688923087916153
    ],
    "rotation": [
      1.8041310876699437,
      1.5628200020801684,
      1.5667753626693415
    ],
    "scale": [
      1.8591323977848377,
      0.28985333922140954,
      1.1129784413699386
    ]
  },
  "Holl_Cover": {
    "location": [
      3.4004389834613704,
      0,
      -0.9595848140176537
    ],
    "rotation": [
      1.2263027298183373,
      0.6597400908316517,
      1.9394309572321322
    ],
    "scale": [
      1.7138827849262581,
      0.8068151665678678,
      0.2923662238282734
    ]
  }
}