{
  "Cro_HRod": {
    "location": [
      1.6934120267912816,
      0,
      -1.4817956891133335
    ],
    "rotation": [
      3.070901001327767,
      2.9710319840897297,
      0.395074723975143
    ],
    "scale": [
      1.85414955109755,
      0.9165086796584829,
      1.6735447409144575
    ]
  },
  "Hexa_De": {
    "location": [
      -2.0602074545228466,
      0,
      -1.0119933440057416
    ],
    "rotation": [
      1.3966271812682463,
      2.43955454329206,
      1.6899267884421116
    ],
    "scale": [
      0.7496075108794575,
      0.11059636361016989,
      0.9777009086362769
    ]
  },
  "Ring_Unn": {
    "location": [
      -1.6464234165723126,
      0,
      1.382921343640322
    ],
    "rotation": [
      0.12422774586470407,
      0.6615070592204428,
      1.3608183006781578
    ],
    "scale": [
      0.6263924651697919,
      1.4842345548735527,
      1.2437808628930838
    ]
  },
  "Tube_Th": {
    "location": [
      2.7838403547565065,
      0,
      4.194539380283576
    ],
    "rotation": [
      0.6207282204084623,
      2.3718635240295356,
      0.12522065075289665
    ],
    "scale": [
      1.6937843587904613,
      0.9671380468449435,
      1.9577073823935596
    ]
  },
  "Cube": {
    "location": [
      -2.771461486884321,
      0,
      -3.1996385519951005
    ],
    "rotation": [
      2.3852821143070377,
      1.171018302137237,
      2.830468853115723
    ],
    "scale": [
      1.8137002184023048,
      0.8208855294459714,
      0.619170672408528
    ]
  }
}