{
  "Spli_CoTu": {
    "location": [
      3.716055121560238,
      0,
      2.4055052899991143
    ],
    "rotation": [
      2.4505105389206068,
      2.4619040009964297,
      2.1246278617415726
    ],
    "scale": [
      0.13785237800759043,
      0.069029583713899,
      1.7540221732367351
    ]
  },
  "Plug_Sm_Two": {
    "location": [
      2.430462131630243,
      0,
      -3.3816428509499565
    ],
    "rotation": [
      0.9755538424837081,
      0.36805230946514833,
      0.10687773127730972
    ],
    "scale": [
      0.6632235371386275,
      0.4674257690486818,
      1.344568472077099
    ]
  },
  "Doubleround": {
    "location": [
      -2.3341038486009063,
      0,
      -4.295414018568337
    ],
    "rotation": [
      0.09799528028621929,
      2.894803588216132,
      1.505290819406153
    ],
    "scale": [
      0.11338599419789674,
      1.0323887744966012,
      1.2890335596110802
    ]
  },
  "Sig_Low": {
    "location": [
      3.830201652533157,
      0,
      1.0976418903731124
    ],
    "rotation": [
      1.3822264170710028,
      2.5224497310504805,
      2.1002831784945397
    ],
    "scale": [
      1.1347635773665576,
      0.9856411839903694,
      1.2305519121671122
    ]
  },
  "Vent_Rou": {
    "location": [
      -1.1349318636173904,
      0,
      4.311782770957812
    ],
    "rotation": [
      1.1639351513764982,
      0.1584889841009144,
      0.37900495576477666
    ],
    "scale": [
      1.8606712580548705,
      0.07045568758906606,
      0.6153730386778877
    ]
  }
}