{
  "Sph2Cyli": {
    "location": [
      -2.3496223094035256,
      0,
      1.035130077543979
    ],
    "rotation": [
      2.1496251884169717,
      3.014996309181998,
      1.3168645269939367
    ],
    "scale": [
      0.6104181389047594,
      1.8320962083901746,
      1.605102643534864
    ]
  },
  "Rac_FraBe": {
    "location": [
      -4.175857672672287,
      0,
      -4.347939609627702
    ],
    "rotation": [
      2.111074027150612,
      1.702007320544414,
      0.1920286881365663
    ],
    "scale": [
      1.801916017129832,
      1.9757357062051415,
      0.4691650823576905
    ]
  },
  "Cut_Arr": {
    "location": [
      -0.16375163262809522,
      0,
      -3.618394944217864
    ],
    "rotation": [
      1.2975218075109254,
      0.09034751725964073,
      2.274009955216954
    ],
    "scale": [
      0.2479865099653904,
      0.0006566060771164839,
      1.1228840628470598
    ]
  },
  "Sing_L": {
    "location": [
      4.489749124274313,
      0,
      -4.08565180438711
    ],
    "rotation": [
      0.16696783101785503,
      2.4920946728512843,
      2.8663260416351997
    ],
    "scale": [
      1.0150749493591538,
      0.3251152801359283,
      1.1261023213222103
    ]
  },
  "Spli_CuCi": {
    "location": [
      2.4499560693593203,
      0,
      -3.88046621697743
    ],
    "rotation": [
      2.212588963220642,
      2.9455969091260625,
      0.5776426083042159
    ],
    "scale": [
      0.36813335252064916,
      0.28606955508487997,
      1.467422390073909
    ]
  }
}