{
  "Slic_ArrT": {
    "location": [
      -3.6995688298267257,
      0,
      -2.199272014523087
    ],
    "rotation": [
      2.233823893034543,
      2.8042398667218325,
      0.6710534960682165
    ],
    "scale": [
      0.4041798755278614,
      1.4425505029011136,
      1.6514991383965028
    ]
  },
  "Tip_Ring": {
    "location": [
      -4.278440921987234,
      0,
      -1.439848528627964
    ],
    "rotation": [
      0.5395473819714647,
      0.634382067205757,
      1.3090583594521654
    ],
    "scale": [
      0.6680675827304006,
      0.7519755185973926,
      1.2392819014676009
    ]
  },
  "Sl_Pan_T": {
    "location": [
      0.7940802741383521,
      0,
      3.0776657350549437
    ],
    "rotation": [
      1.5742733514935403,
      1.623128052400789,
      0.2607434320940479
    ],
    "scale": [
      0.9872894006145907,
      0.9715265987195736,
      0.10241192637537178
    ]
  },
  "Odd_Cut": {
    "location": [
      2.634204351952902,
      0,
      0.19752449538226813
    ],
    "rotation": [
      0.5120980152103323,
      2.5412807630913825,
      2.330828278915538
    ],
    "scale": [
      0.335290683052625,
      1.6142451886311602,
      1.4719958672220974
    ]
  },
  "Cut_Rod": {
    "location": [
      -4.263894091495545,
      0,
      -1.661072502625145
    ],
    "rotation": [
      2.804733401851314,
      3.002597068253852,
      0.9298560728910775
    ],
    "scale": [
      0.9598054404083511,
      0.49424138331461265,
      0.7249337971081715
    ]
  }
}