{
  "Curve_CovM": {
    "location": [
      2.0845446436553843,
      0,
      1.0601167369071742
    ],
    "rotation": [
      0.9979971244069121,
      2.4496387296997706,
      1.326794316738415
    ],
    "scale": [
      1.862070101239425,
      0.17852286542123696,
      0.9696152102128308
    ]
  },
  "Bri_ArrCo": {
    "location": [
      -4.171256425142796,
      0,
      -1.8349524346663624
    ],
    "rotation": [
      2.4009135124853964,
      2.590389667017338,
      1.4357275060838444
    ],
    "scale": [
      1.688018070742767,
      1.702519469605619,
      0.18820875349687038
    ]
  },
  "Hexa_cov": {
    "location": [
      -1.6826506389911873,
      0,
      2.5221815833090293
    ],
    "rotation": [
      1.7949677188074022,
      2.908337226549893,
      0.18728986599109296
    ],
    "scale": [
      0.4258046369864976,
      1.6625561929675223,
      0.09411013858177086
    ]
  },
  "Hold_Cut": {
    "location": [
      -1.5574147401162715,
      0,
      4.454214228185609
    ],
    "rotation": [
      2.3833752301380033,
      1.626524348308534,
      0.35061541800588664
    ],
    "scale": [
      1.733006526252152,
      1.0525835181383911,
      0.9567682753243039
    ]
  },
  "Hol_TwoP": {
    "location": [
      2.0581258265912554,
      0,
      -4.483417479383717
    ],
    "rotation": [
      3.104880306779283,
      2.4862696229329333,
      0.6802545195248949
    ],
    "scale": [
      1.9011887826303495,
      1.0054216065025954,
      0.46887852191983925
    ]
  }
}