{
  "Hem_Tub": {
    "location": [
      1.5254076935036203,
      0,
      4.473396577724689
    ],
    "rotation": [
      1.746433230483599,
      2.611521513651059,
      1.1579563726779434
    ],
    "scale": [
      0.3820418045384555,
      0.9885486123007248,
      0.1596904610382226
    ]
  },
  "Circ_Two": {
    "location": [
      1.2482357424737494,
      0,
      -4.0646030553669155
    ],
    "rotation": [
      3.1260111739856216,
      0.7099500334660458,
      1.581898765894587
    ],
    "scale": [
      0.8848916663805841,
      1.2958688128332463,
      0.3975372848388399
    ]
  },
  "Dua_CurvFi": {
    "location": [
      -4.069473481735837,
      0,
      -0.7358692650872292
    ],
    "rotation": [
      2.5451988618529926,
      2.94116381048881,
      1.3540293961154126
    ],
    "scale": [
      1.9707497100972018,
      0.08425731468531228,
      1.4230691925300896
    ]
  },
  "Screw_Two": {
    "location": [
      1.6567268379917586,
      0,
      -4.489329483968134
    ],
    "rotation": [
      2.2029365136091696,
      2.030095949841406,
      0.6467217788465125
    ],
    "scale": [
      1.247696885677191,
      0.9145444242666507,
      1.052711035926542
    ]
  },
  "Rounded_BI": {
    "location": [
      -3.6488306064501255,
      0,
      -3.97865800781167
    ],
    "rotation": [
      0.5437635405305821,
      2.149588694542931,
      2.6949969579357806
    ],
    "scale": [
      1.7466292785735344,
      1.3545346784568864,
      1.2115177559344532
    ]
  }
}