{
  "Plug_Sm_One": {
    "location": [
      -1.638556010550717,
      0,
      -2.9592900004498226
    ],
    "rotation": [
      0.23422680377742933,
      1.1201709940841946,
      2.0350510028919837
    ],
    "scale": [
      0.7651282387226725,
      1.3232220219344237,
      1.2459022784069518
    ]
  },
  "Prof_Circ": {
    "location": [
      1.7961075890287947,
      0,
      1.291009662708504
    ],
    "rotation": [
      2.608679987576781,
      0.9396592821324705,
      1.7821422567333396
    ],
    "scale": [
      1.7296629136467476,
      0.558963744563804,
      0.9966536845390463
    ]
  },
  "Circ_CUBo": {
    "location": [
      -0.3372960406461667,
      0,
      0.9458771692392736
    ],
    "rotation": [
      0.4739491570946709,
      1.4739074353228703,
      2.9317825724613513
    ],
    "scale": [
      1.7027172009781566,
      0.2432653912702003,
      1.1082176762615978
    ]
  },
  "Curv_Hold": {
    "location": [
      -2.8471990415557986,
      0,
      -0.1540064066956477
    ],
    "rotation": [
      0.9121272491120351,
      3.0254950550060427,
      2.1568829196590147
    ],
    "scale": [
      0.6045369745661056,
      0.3078459344168962,
      1.4563697087517615
    ]
  },
  "Hexa_In": {
    "location": [
      3.2965204715614522,
      0,
      -2.7523886783961866
    ],
    "rotation": [
      3.117361453722013,
      2.760959571755631,
      1.2020628354837466
    ],
    "scale": [
      0.20540970532278346,
      0.24671256242192574,
      0.9801788392093245
    ]
  }
}