{
  "Rou_FramLo": {
    "location": [
      -3.290721802988389,
      0,
      4.104308447003245
    ],
    "rotation": [
      0.747208929068539,
      0.7411910017755444,
      1.9559113219536641
    ],
    "scale": [
      1.586680167523326,
      0.6476655296663247,
      0.4534117187620976
    ]
  },
  "Tip_Ring": {
    "location": [
      -0.3329337796648071,
      0,
      0.6426233522092213
    ],
    "rotation": [
      1.4204717980208306,
      1.490151931082041,
      0.8132866639865871
    ],
    "scale": [
      0.21365707540331136,
      1.930484283104246,
      0.7230455498281503
    ]
  },
  "Bev_Rail": {
    "location": [
      0.19785518741243902,
      0,
      -2.868616230001008
    ],
    "rotation": [
      2.1261750961528487,
      2.843708583187995,
      0.5179413666762416
    ],
    "scale": [
      1.9164187596345457,
      1.8497305032518905,
      1.424685975653837
    ]
  },
  "Circ_One": {
    "location": [
      -1.1073392784865264,
      0,
      2.2256213960095526
    ],
    "rotation": [
      2.036281270733693,
      0.35468551435315193,
      1.7210938289687352
    ],
    "scale": [
      1.0781631292116212,
      0.0245564947959509,
      0.15484356770660823
    ]
  },
  "CorrCut": {
    "location": [
      0.6329558082318583,
      0,
      0.26041844646371093
    ],
    "rotation": [
      1.7229010617216018,
      1.0321196344739276,
      2.1414943202462506
    ],
    "scale": [
      1.2789473894406407,
      0.41970248907303453,
      0.9172134187741228
    ]
  }
}