{
  "Circ_DuLO": {
    "location": [
      -4.156734459744569,
      0,
      -2.75179364595601
    ],
    "rotation": [
      0.6883540209023912,
      0.6813312770488683,
      1.4125938197646555
    ],
    "scale": [
      0.6395933802936238,
      1.2182339406338114,
      0.8223227231788162
    ]
  },
  "Slic_ArrT": {
    "location": [
      3.4398387614717905,
      0,
      -4.404754843329304
    ],
    "rotation": [
      2.324423030556132,
      0.7441450202370927,
      1.990055491884512
    ],
    "scale": [
      1.9222337879653,
      1.8684540228062056,
      1.6502054722892217
    ]
  },
  "Octa_Round": {
    "location": [
      0.3577160135606423,
      0,
      0.1773365723414555
    ],
    "rotation": [
      1.0405768484573392,
      1.6885632729306408,
      0.8917905350658601
    ],
    "scale": [
      1.4164432245334186,
      1.3777473141074303,
      0.09996100063052316
    ]
  },
  "Cir_TopDe": {
    "location": [
      1.7019487674722749,
      0,
      2.1528031880869554
    ],
    "rotation": [
      1.1341433287700837,
      2.36260109381356,
      3.006656680241092
    ],
    "scale": [
      0.5216007795315567,
      1.4460020595993046,
      0.416942311993745
    ]
  },
  "Rail_SiThi": {
    "location": [
      -0.8226498925937316,
      0,
      -2.7287133651022915
    ],
    "rotation": [
      0.6755690585352369,
      2.6761348583601103,
      2.1583274258963843
    ],
    "scale": [
      1.0989185862809605,
      1.4831540160307837,
      0.7348526277472889
    ]
  }
}