{
  "Sha_RouPa": {
    "location": [
      -0.30196349714797854,
      0,
      -0.1998966360834915
    ],
    "rotation": [
      1.7925623799619816,
      2.0116474459936065,
      2.7639038866656316
    ],
    "scale": [
      0.5128160698341664,
      0.06882577260554057,
      1.0590710818818463
    ]
  },
  "Curv_Fram": {
    "location": [
      3.0983414682261694,
      0,
      4.250507421463848
    ],
    "rotation": [
      0.10702532192233317,
      2.9922478549455915,
      0.5766439042684592
    ],
    "scale": [
      0.7773513566765204,
      0.18100727344984424,
      0.6845941003870237
    ]
  },
  "Hemi_CuLo": {
    "location": [
      1.44689837999295,
      0,
      1.4479051605476263
    ],
    "rotation": [
      1.9128772357041328,
      2.279330059952163,
      2.1147937534299746
    ],
    "scale": [
      0.05884932053947467,
      1.2172245906982833,
      1.3512461405775609
    ]
  },
  "Tri_HoUn": {
    "location": [
      -3.8763069889153083,
      0,
      -0.9906511597102332
    ],
    "rotation": [
      0.6105103468047045,
      2.08625919639342,
      1.9357569174651525
    ],
    "scale": [
      1.2690097294983445,
      1.5998605035917104,
      1.3655118711079965
    ]
  },
  "Split_Du": {
    "location": [
      3.632948862953084,
      0,
      3.8962045975027095
    ],
    "rotation": [
      2.68997339902499,
      1.2848871895083769,
      2.8801852187267074
    ],
    "scale": [
      0.7909589164004087,
      0.3884940872300089,
      0.8799164560109991
    ]
  }
}