{
  "Hexa_Cam": {
    "location": [
      -2.020864825558002,
      0,
      3.3618100836051568
    ],
    "rotation": [
      2.3017482333566397,
      1.8528837943708187,
      1.7293669818272048
    ],
    "scale": [
      0.20888539363581526,
      1.7260137507149025,
      1.2841364220156128
    ]
  },
  "Pnl_Simp": {
    "location": [
      2.9694429209984827,
      0,
      4.059492896477671
    ],
    "rotation": [
      2.6240963727101305,
      0.7813421380251376,
      1.7421833326037002
    ],
    "scale": [
      1.8495654798517347,
      0.28910009564418804,
      0.012652572614306079
    ]
  },
  "Frame_One": {
    "location": [
      -2.6832681186581784,
      0,
      -3.5141895211493224
    ],
    "rotation": [
      0.44348438081620545,
      1.2559894577096518,
      1.8284537533836964
    ],
    "scale": [
      0.24156502200672536,
      0.37509871273325657,
      0.7525614408321468
    ]
  },
  "Dua_BeLo": {
    "location": [
      2.4359329608558093,
      0,
      0.5400542149344423
    ],
    "rotation": [
      1.0997792534698596,
      2.7386011782298643,
      1.286802403160431
    ],
    "scale": [
      1.779884939833155,
      1.715892517717387,
      1.7767999512605126
    ]
  },
  "Cir_TriSi": {
    "location": [
      -3.6220352664648368,
      0,
      -2.575071515288633
    ],
    "rotation": [
      0.49976311405659773,
      2.040704402697084,
      0.5778908570960589
    ],
    "scale": [
      1.5295738427280676,
      0.18608526818828208,
      1.8396411125452086
    ]
  }
}