{
  "Four_Hole": {
    "location": [
      0.7778858780490356,
      0,
      2.047420263318134
    ],
    "rotation": [
      0.3540780904824069,
      1.6470729346290938,
      1.4141649314956914
    ],
    "scale": [
      1.1097099392607477,
      0.4053552564512304,
      1.7800356767066496
    ]
  },
  "Ring_Sharp": {
    "location": [
      -2.0500693718668597,
      0,
      -3.2475890440826283
    ],
    "rotation": [
      1.6276832476550007,
      0.3027147742045732,
      1.3350571577314254
    ],
    "scale": [
      0.6307063487756552,
      1.4536052208691883,
      1.4758500585540355
    ]
  },
  "Offs_Cover": {
    "location": [
      -2.707533866138407,
      0,
      0.2984213765471342
    ],
    "rotation": [
      2.6134295364126667,
      1.9457615098744774,
      2.626099757322713
    ],
    "scale": [
      1.063251499666426,
      0.7658438489084176,
      0.9401814368621413
    ]
  },
  "Circular_Five": {
    "location": [
      0.519769532563684,
      0,
      -3.4279210353243323
    ],
    "rotation": [
      0.3401661767879006,
      1.1150386491477766,
      2.261088489373476
    ],
    "scale": [
      0.5714900700006358,
      1.328213202646911,
      1.6555219595715858
    ]
  },
  "Plug_Sm_Two": {
    "location": [
      -0.8049947530540682,
      0,
      -3.8053331204642022
    ],
    "rotation": [
      2.5553797781663765,
      2.75536077572106,
      0.7982591058810382
    ],
    "scale": [
      0.1793045841086447,
      1.9073992768903256,
      0.7637595214192201
    ]
  }
}