{
  "Met_DualCi": {
    "location": [
      2.0934962263184875,
      0,
      1.7453072782746721
    ],
    "rotation": [
      1.9829544075318057,
      2.0089553655656505,
      1.2817277421613347
    ],
    "scale": [
      1.432641693965069,
      0.891493927492621,
      0.7056555428633582
    ]
  },
  "Tri_Cov_Low": {
    "location": [
      -1.3687653981909707,
      0,
      -1.6704521315854715
    ],
    "rotation": [
      1.8850629419467613,
      1.438033617739365,
      0.09995089095427569
    ],
    "scale": [
      1.2991132388875062,
      1.5795699632627798,
      0.07153633387882019
    ]
  },
  "Cover_One": {
    "location": [
      0.533439239020562,
      0,
      -3.442065435812404
    ],
    "rotation": [
      2.264628453864052,
      2.635746429345331,
      1.676878896050733
    ],
    "scale": [
      1.409511217303138,
      1.5794743865605554,
      1.3465182654945314
    ]
  },
  "Hol_Cyli": {
    "location": [
      1.6124480133300843,
      0,
      3.183046002921775
    ],
    "rotation": [
      2.5149345951985307,
      2.026282598980689,
      0.6857284336314714
    ],
    "scale": [
      1.2515382895680052,
      0.4885622109899568,
      0.2734586602077955
    ]
  },
  "Sing_L": {
    "location": [
      -1.397854890970149,
      0,
      2.3204803071252638
    ],
    "rotation": [
      1.5641055519043439,
      0.7728488723365072,
      1.4906853626005054
    ],
    "scale": [
      1.1294839124228695,
      0.556112327001016,
      0.47164272990844114
    ]
  }
}