{
  "Pun_Box": {
    "location": [
      4.313151329162011,
      0,
      2.2844035004441334
    ],
    "rotation": [
      1.653869241793109,
      2.0094743061443285,
      1.9987757481542845
    ],
    "scale": [
      1.779801201422362,
      1.1527170736466124,
      1.3132662347867199
    ]
  },
  "Hexa_PanLo": {
    "location": [
      -0.8711474447229866,
      0,
      -3.2434207066152627
    ],
    "rotation": [
      0.6222565305321789,
      1.9842193039986946,
      0.5494914827579194
    ],
    "scale": [
      1.890122950098482,
      1.2520705935667948,
      1.7045186896182318
    ]
  },
  "Circ_CUBo": {
    "location": [
      -0.3560899188622564,
      0,
      -3.925508554977255
    ],
    "rotation": [
      0.2719372949197406,
      0.030030760883009006,
      0.5523922247865218
    ],
    "scale": [
      1.585679677049027,
      1.9591553355976778,
      0.7270567117106161
    ]
  },
  "Simple_One": {
    "location": [
      -0.8685819339804395,
      0,
      3.052224191638812
    ],
    "rotation": [
      2.994732603515636,
      2.551056093129925,
      1.7828548772692365
    ],
    "scale": [
      0.02568024903448185,
      1.1406977538242586,
      1.4281120542105583
    ]
  },
  "Tile_S": {
    "location": [
      -0.173792484550229,
      0,
      -0.17524786261070435
    ],
    "rotation": [
      2.2670058455866657,
      1.7889613887685645,
      2.407554221352419
    ],
    "scale": [
      1.1825849443855478,
      0.23387677004789165,
      0.896914035821057
    ]
  }
}