{
  "Tub_Cut": {
    "location": [
      -0.5116644170688023,
      0,
      -2.254403171573108
    ],
    "rotation": [
      3.0008360488969,
      2.5053926895712952,
      2.887670758307015
    ],
    "scale": [
      0.9222476869622367,
      0.15794667988438982,
      0.5358858448054635
    ]
  },
  "Circle.003": {
    "location": [
      4.485369936511903,
      0,
      -1.6018440649541117
    ],
    "rotation": [
      0.1475847833821806,
      2.9463125554680167,
      2.363718205985211
    ],
    "scale": [
      0.24880544131549454,
      0.17260386189781407,
      0.2235927905882642
    ]
  },
  "Dot_Matrixy": {
    "location": [
      3.0282641329719713,
      0,
      -1.7857701988612877
    ],
    "rotation": [
      0.130658592155994,
      0.768978294041292,
      1.6765663280143825
    ],
    "scale": [
      0.2321751597814874,
      0.3982124649462693,
      0.49679219163348476
    ]
  },
  "Tri_SidPa": {
    "location": [
      3.540490197005658,
      0,
      3.494314745290061
    ],
    "rotation": [
      0.046137381731340715,
      1.3211846046022047,
      2.984852513259309
    ],
    "scale": [
      0.69501277387422,
      0.22361896176046492,
      1.6299536655520592
    ]
  },
  "Simple_One": {
    "location": [
      -1.6098746784258857,
      0,
      2.7864647787200862
    ],
    "rotation": [
      1.370165492908298,
      1.1207737572963556,
      2.114457962954945
    ],
    "scale": [
      0.18956037063210274,
      1.0737662723171528,
      1.591872744150822
    ]
  }
}