{
  "Dual_RoSi": {
    "location": [
      2.392729246014328,
      0,
      -3.0607344793962086
    ],
    "rotation": [
      1.25179619128074,
      2.0191786248448804,
      1.5777470623434717
    ],
    "scale": [
      1.3841268657424346,
      0.8234460261429133,
      0.3158945458216378
    ]
  },
  "Split_Du": {
    "location": [
      -3.4381773762167405,
      0,
      1.1546367320216753
    ],
    "rotation": [
      2.5493591682985404,
      2.538363555707606,
      0.870270221468573
    ],
    "scale": [
      0.37465271970154035,
      1.670573740687728,
      1.3181318516353073
    ]
  },
  "Hole_Corn": {
    "location": [
      0.06086278616584995,
      0,
      1.7360381672221026
    ],
    "rotation": [
      1.0885393374196952,
      3.0145700984320385,
      0.5418308624426383
    ],
    "scale": [
      0.48163975644113055,
      1.1897403750133124,
      0.4094668197710647
    ]
  },
  "Circle_Tee": {
    "location": [
      -4.23868581652728,
      0,
      4.175206696565795
    ],
    "rotation": [
      1.314856960708166,
      0.47511227984870197,
      1.178204941679747
    ],
    "scale": [
      0.29225822507065446,
      0.05293579587175423,
      1.801518407948605
    ]
  },
  "Cyli_Frame": {
    "location": [
      -0.7193468712347464,
      0,
      -0.6680713634337452
    ],
    "rotation": [
      2.2206842190942107,
      0.1709929967302924,
      2.705564996014851
    ],
    "scale": [
      0.4139464911239459,
      1.588230968326191,
      0.25382226601934255
    ]
  }
}