{
  "Simp_Bearing": {
    "location": [
      2.802604578774422,
      0,
      -2.803401620387964
    ],
    "rotation": [
      2.282988906951328,
      2.202617063077737,
      2.3404734533539373
    ],
    "scale": [
      0.5169735019215287,
      0.4773890249096213,
      1.4898845698989078
    ]
  },
  "Spl_Curv": {
    "location": [
      -1.6315026562217443,
      0,
      -4.10493675582876
    ],
    "rotation": [
      2.6522074263261746,
      0.32971783497858104,
      0.4146702332236474
    ],
    "scale": [
      0.31139396874306247,
      1.7542809687603125,
      0.4553978797839173
    ]
  },
  "Leve_Simp": {
    "location": [
      -2.8464044884699398,
      0,
      2.413167578496183
    ],
    "rotation": [
      1.392081659891901,
      1.5682001183728975,
      2.321735209945721
    ],
    "scale": [
      1.2743445133331042,
      0.2278691035074516,
      1.250626697557941
    ]
  },
  "Panel_Array": {
    "location": [
      3.047437943402511,
      0,
      -1.1429114519366874
    ],
    "rotation": [
      0.9202008185981242,
      0.6832674300538268,
      1.7434696210595273
    ],
    "scale": [
      0.9041213362589529,
      0.8849003588985984,
      1.1907884364384758
    ]
  },
  "Hole_Circ": {
    "location": [
      -3.263061928348606,
      0,
      -3.4117406360590192
    ],
    "rotation": [
      1.661785649651193,
      1.958779695798398,
      1.8354428897056023
    ],
    "scale": [
      1.1224687476933364,
      1.465584178880121,
      1.9602189147874964
    ]
  }
}