{
  "Dual_SplitCor": {
    "location": [
      0.30418308617077994,
      0,
      -0.8036784811819788
    ],
    "rotation": [
      2.9733261676661975,
      1.4741256391878899,
      2.93799720727373
    ],
    "scale": [
      0.9821519717879876,
      0.4654395512247682,
      0.28187532169425755
    ]
  },
  "Pla_Rail": {
    "location": [
      -0.8833004134210456,
      0,
      -1.3592532559024244
    ],
    "rotation": [
      1.8120366756623723,
      0.14829402427713725,
      1.525936397201177
    ],
    "scale": [
      1.3315229484364086,
      1.4701566774995956,
      1.0199758535261887
    ]
  },
  "Tube_HolS": {
    "location": [
      1.059775712563236,
      0,
      3.303427852728108
    ],
    "rotation": [
      1.9710154630857228,
      1.1062317389408625,
      1.4223706270790153
    ],
    "scale": [
      1.6833239207300261,
      0.6684287540103442,
      0.8337156249114288
    ]
  },
  "Up_Sign": {
    "location": [
      -3.6068890413229675,
      0,
      -1.8080122745995446
    ],
    "rotation": [
      3.059780356226977,
      3.0963171855462344,
      0.017033730775060804
    ],
    "scale": [
      0.9829498042822387,
      0.32238041022409814,
      0.5963806575770643
    ]
  },
  "Pan_LoLw": {
    "location": [
      -2.6683108210047837,
      0,
      0.3421089119710654
    ],
    "rotation": [
      2.122510655658521,
      0.7825792618630464,
      3.0843824244557028
    ],
    "scale": [
      0.02653504440876464,
      1.8932845811925623,
      1.601597080176516
    ]
  }
}