{
  "Mid_Hol": {
    "location": [
      -0.22877460546789763,
      0,
      -2.790333965485191
    ],
    "rotation": [
      0.6776825258157289,
      2.026828535499018,
      2.0202754963983276
    ],
    "scale": [
      1.8307082491288307,
      0.3996317503258531,
      1.0672313221817495
    ]
  },
  "Hold_Long": {
    "location": [
      -1.6866803858764285,
      0,
      -0.4239941362433539
    ],
    "rotation": [
      1.1289474320122423,
      1.8909912657376127,
      1.064776599046392
    ],
    "scale": [
      1.0866997369513791,
      0.4269087159709375,
      1.2661422256607795
    ]
  },
  "Circ_CutCu": {
    "location": [
      0.23506444618994404,
      0,
      -2.9110014938876914
    ],
    "rotation": [
      1.269740833496065,
      3.0714592516486143,
      1.1248360264679618
    ],
    "scale": [
      1.4609387720694114,
      0.8025432178057934,
      0.5077632263184559
    ]
  },
  "Tile_S": {
    "location": [
      2.3772067144351228,
      0,
      -0.3868748942419602
    ],
    "rotation": [
      2.0792839567838257,
      0.7686896617745566,
      1.2177810210633135
    ],
    "scale": [
      0.9535122991410732,
      0.4352015435337633,
      0.5628694008667001
    ]
  },
  "Dee_Ex": {
    "location": [
      -4.2499397952333835,
      0,
      0.2673483287833216
    ],
    "rotation": [
      0.846441293153563,
      2.529333696381236,
      1.4415109184751866
    ],
    "scale": [
      0.45951548066089676,
      0.11335306701270476,
      1.1932294324581596
    ]
  }
}