{
  "Rad_CircTa": {
    "location": [
      2.6698587116397334,
      0,
      0.18853566319717885
    ],
    "rotation": [
      1.5616520617509824,
      1.322332205279914,
      1.5169666449660704
    ],
    "scale": [
      0.6932399132228539,
      1.7118787770304358,
      1.0396476531371126
    ]
  },
  "Hexa_cov": {
    "location": [
      -2.8782682336336363,
      0,
      1.5390492933677793
    ],
    "rotation": [
      1.1521312446619867,
      1.0628147208508327,
      2.843356228355097
    ],
    "scale": [
      1.0310816318646303,
      0.20752040687811246,
      0.7296668697826219
    ]
  },
  "Sq_Cover": {
    "location": [
      -0.16815828401647437,
      0,
      -0.954242149157853
    ],
    "rotation": [
      0.10758332418455013,
      0.3538767853182937,
      1.6677140584194514
    ],
    "scale": [
      0.264844930352677,
      0.9771245675996041,
      1.5941031429042523
    ]
  },
  "T_Fat": {
    "location": [
      -2.6114069408493386,
      0,
      -4.269789221900438
    ],
    "rotation": [
      0.06371304278790402,
      1.4525694889656366,
      1.8979328221723504
    ],
    "scale": [
      1.9157722153583927,
      1.4018181349404797,
      0.7734670288753958
    ]
  },
  "Switch_Simp": {
    "location": [
      4.127272835430453,
      0,
      2.9077896352115715
    ],
    "rotation": [
      2.3884569984822397,
      1.305965458186283,
      0.26460135475876156
    ],
    "scale": [
      0.22597773479202576,
      1.3518609653376257,
      0.6093764479761654
    ]
  }
}