{
  "Tip_CuHo": {
    "location": [
      -4.437411567386558,
      0,
      0.9098588865539785
    ],
    "rotation": [
      0.5492637364746493,
      0.16668274006900163,
      2.529221839335911
    ],
    "scale": [
      1.2438852125949893,
      1.244583636176894,
      0.7042464239037236
    ]
  },
  "Pip_Hol": {
    "location": [
      -1.5036507916447994,
      0,
      -4.176438523859397
    ],
    "rotation": [
      2.256608767765384,
      2.713288743146434,
      2.5917891565437072
    ],
    "scale": [
      0.6896598877574125,
      0.6144864231418681,
      1.833107217255501
    ]
  },
  "Crow_SphSu": {
    "location": [
      -1.3927718659082995,
      0,
      -2.001525603703503
    ],
    "rotation": [
      0.05358508927524861,
      0.10706080149750793,
      1.0262077983950035
    ],
    "scale": [
      0.7419616387435506,
      0.19301766739102444,
      0.3862404479580239
    ]
  },
  "Plane_Floo_Two": {
    "location": [
      -2.715037151691491,
      0,
      -3.2896496663542063
    ],
    "rotation": [
      2.731933224960524,
      0.5067774835528588,
      1.5946721742073886
    ],
    "scale": [
      1.2143201541230166,
      1.5375973068636637,
      0.34243637922602455
    ]
  },
  "Hex_CirCL": {
    "location": [
      1.0626834536444871,
      0,
      -0.7114509149913362
    ],
    "rotation": [
      1.089985762802704,
      1.0998027421742518,
      0.22427462588472777
    ],
    "scale": [
      1.7610989533511034,
      1.5770060828014785,
      1.8742212611606324
    ]
  }
}