{
  "Hemi_Vent": {
    "location": [
      1.2845968595388157,
      0,
      -2.9948553355125336
    ],
    "rotation": [
      1.2409867858354704,
      1.6345129586158738,
      0.28854027851676384
    ],
    "scale": [
      1.5708749115635974,
      0.09398548045584931,
      1.7653984848768474
    ]
  },
  "Bev_Rail": {
    "location": [
      -1.8907938699533728,
      0,
      1.9901390665982914
    ],
    "rotation": [
      1.2293939314534226,
      0.2426765965581257,
      0.7585124447593009
    ],
    "scale": [
      0.6666615731762857,
      0.5816939532228391,
      1.8377516817530641
    ]
  },
  "Cross_Style_Tile": {
    "location": [
      3.994028305268964,
      0,
      0.6404514688452032
    ],
    "rotation": [
      2.3168532290679247,
      2.5938871731126154,
      2.4948043884726525
    ],
    "scale": [
      1.8250833939179203,
      0.7775737023802491,
      0.12975543245629773
    ]
  },
  "Box_Hoo": {
    "location": [
      3.868291141194165,
      0,
      0.7575886937868681
    ],
    "rotation": [
      1.854557578748349,
      1.9002822275948932,
      2.4409550651040837
    ],
    "scale": [
      0.6600259709934484,
      0.964302224631006,
      0.5439344540058646
    ]
  },
  "Si_Mir": {
    "location": [
      2.5521848298076923,
      0,
      1.0586694298485249
    ],
    "rotation": [
      0.759211940233293,
      2.660701482485413,
      0.4852581733531757
    ],
    "scale": [
      1.091130067562375,
      1.8337860368845205,
      1.5610775763513614
    ]
  }
}