{
  "Corrid_Two": {
    "location": [
      0.6991672434667233,
      0,
      3.3848394200095875
    ],
    "rotation": [
      2.089329290013817,
      2.025616982337571,
      0.17600120283770082
    ],
    "scale": [
      0.2046256381088607,
      0.7790836094751259,
      1.6800851441159856
    ]
  },
  "Lo_Fill": {
    "location": [
      -4.473156005070477,
      0,
      2.9024212543501164
    ],
    "rotation": [
      1.8206001605357003,
      2.5541401446047756,
      1.2707862558641454
    ],
    "scale": [
      1.8321587705122249,
      0.4982027092757033,
      0.43451890002243987
    ]
  },
  "Mid_PaBo": {
    "location": [
      4.171631130082686,
      0,
      0.26270644833306456
    ],
    "rotation": [
      1.7975162174886032,
      0.43408184468219685,
      2.682468835865913
    ],
    "scale": [
      1.1299895457390667,
      1.1629846521308296,
      0.6115777929131452
    ]
  },
  "Hexa_De": {
    "location": [
      -3.232024065871506,
      0,
      0.17428492396269757
    ],
    "rotation": [
      1.5804175804587208,
      2.2523415984779396,
      0.6943108524414475
    ],
    "scale": [
      1.602259256595075,
      0.15548403243890663,
      1.9943616704089315
    ]
  }
}