{
  "Circ_SqaD": {
    "location": [
      -0.020822317064118856,
      0,
      2.8971618146220566
    ],
    "rotation": [
      0.7838762442743307,
      0.2745816445703709,
      0.13668411776102043
    ],
    "scale": [
      0.8420330722402078,
      1.3165250245299598,
      1.5966430263942248
    ]
  },
  "Dual_Circ": {
    "location": [
      2.9332396063917683,
      0,
      -3.176243370996956
    ],
    "rotation": [
      0.6797509260604855,
      0.9027050834518713,
      2.577760282440189
    ],
    "scale": [
      0.844778177844411,
      1.5504325976850246,
      0.5071773951927423
    ]
  },
  "Hol_UbeM": {
    "location": [
      3.879365506600804,
      0,
      -1.5966721982516594
    ],
    "rotation": [
      1.9602831927183189,
      0.08271821464291025,
      2.0549410315401224
    ],
    "scale": [
      0.7719110741040067,
      0.6460360611003879,
      1.123168728720994
    ]
  },
  "Tri_HexCu": {
    "location": [
      -0.7288578390642195,
      0,
      -3.029915079482958
    ],
    "rotation": [
      0.5139154263267156,
      0.8004077801394677,
      1.8667640764596525
    ],
    "scale": [
      0.5438993224792952,
      1.9353146894633928,
      1.1668725408154197
    ]
  },
  "Circles_Frame": {
    "location": [
      -2.707813001551341,
      0,
      -1.2431968329549696
    ],
    "rotation": [
      3.090293062175498,
      1.2001824151654013,
      1.6669647871713658
    ],
    "scale": [
      0.4161145472045191,
      0.8076324660933887,
      0.24851609395903296
    ]
  }
}