{
  "Tub_HoSu": {
    "location": [
      2.271393516977163,
      0,
      -1.389921094234018
    ],
    "rotation": [
      2.8474799190099858,
      0.3136093333899479,
      3.1346642214031215
    ],
    "scale": [
      0.13718547800828929,
      1.1835951375568317,
      1.7984454103458656
    ]
  },
  "C_Dev": {
    "location": [
      1.9162306302081982,
      0,
      -3.79778936114388
    ],
    "rotation": [
      0.5539484796249634,
      1.9684916405027832,
      2.05759488820605
    ],
    "scale": [
      0.9671630879878346,
      1.906248900584381,
      1.3928172783353197
    ]
  },
  "Clip_Long": {
    "location": [
      2.5463074715799348,
      0,
      -0.4592876339532328
    ],
    "rotation": [
      3.026120554737971,
      2.505982447517143,
      2.070805663364991
    ],
    "scale": [
      0.41075186399420094,
      0.8458919704328189,
      1.625014691402247
    ]
  },
  "Split_Du": {
    "location": [
      0.896246685472609,
      0,
      -1.1548814301202883
    ],
    "rotation": [
      0.2505785854308053,
      1.8861156487730628,
      0.1677066923361985
    ],
    "scale": [
      0.09356404729189549,
      1.113547678696371,
      0.7422582032914229
    ]
  },
  "Circle.001": {
    "location": [
      -0.6311436894897628,
      0,
      3.440781547924522
    ],
    "rotation": [
      3.0030851724948184,
      0.3490232304871888,
      2.4794134235936314
    ],
    "scale": [
      1.9853335540082473,
      1.0772992442539724,
      0.028450717817429805
    ]
  }
}