{
  "Dual_Circ": {
    "location": [
      -2.7659728141992317,
      0,
      -0.8884929219970159
    ],
    "rotation": [
      0.517458149715405,
      0.20130672556901463,
      0.540768384874863
    ],
    "scale": [
      1.4703211319377874,
      1.3954221021863646,
      0.26264120137964575
    ]
  },
  "Angu_SmoV": {
    "location": [
      1.1690887143838218,
      0,
      -0.49660272398726146
    ],
    "rotation": [
      1.7070164601047229,
      2.591717332006486,
      0.8705311953715894
    ],
    "scale": [
      0.507695633637891,
      0.4621580299378112,
      0.0533716483217368
    ]
  },
  "Bend_B": {
    "location": [
      1.7397721280356526,
      0,
      -0.3622393902762724
    ],
    "rotation": [
      1.5976457539928088,
      0.7015232809233872,
      0.9868886814698278
    ],
    "scale": [
      0.5912118563002526,
      0.09048465456721555,
      0.37838920803198817
    ]
  },
  "Hol_DiRo": {
    "location": [
      4.482347135840641,
      0,
      -1.2107529195527866
    ],
    "rotation": [
      2.917301807461434,
      2.7568226357389296,
      0.1694930674375903
    ],
    "scale": [
      1.9880749055033307,
      1.5842888546467313,
      0.7343362902468211
    ]
  },
  "Dual_RodD": {
    "location": [
      -4.099801649641255,
      0,
      -3.350386962477389
    ],
    "rotation": [
      1.0851772517056537,
      0.6273722542397036,
      1.5419169292191417
    ],
    "scale": [
      1.2622013871755362,
      1.4158360481230328,
      0.03625086939441413
    ]
  }
}