{
  "Screw_MoThree": {
    "location": [
      2.3557671567073477,
      0,
      -4.349449164759492
    ],
    "rotation": [
      1.6832867581244124,
      2.980526148458082,
      1.7778813437336123
    ],
    "scale": [
      1.8633673108294617,
      1.4070387374578464,
      0.24191361308297643
    ]
  },
  "Pl_CutRo": {
    "location": [
      -3.930905341273707,
      0,
      2.040669531930254
    ],
    "rotation": [
      1.5838561693242117,
      1.6130837880299274,
      0.9432271847669391
    ],
    "scale": [
      1.7990970504271613,
      0.43966139419855477,
      1.1745451671751874
    ]
  },
  "Hexa_Fr": {
    "location": [
      -2.8969257975147706,
      0,
      -3.7305692328024187
    ],
    "rotation": [
      2.097071024496353,
      1.8549169753761747,
      2.3470620327800886
    ],
    "scale": [
      0.42701403732887155,
      1.4916259145435544,
      1.471214978193794
    ]
  },
  "CRot_Cut": {
    "location": [
      -2.8439746285788874,
      0,
      -3.7881720686813134
    ],
    "rotation": [
      2.566159397360283,
      0.8895970204861181,
      1.3935022847887275
    ],
    "scale": [
      0.33278882349211547,
      1.5893912170671,
      1.4950270321450907
    ]
  },
  "Hol_DiRo": {
    "location": [
      0.020223095916607647,
      0,
      2.5861110070136624
    ],
    "rotation": [
      0.812898965339162,
      1.7284540244725268,
      0.1925999182004863
    ],
    "scale": [
      1.420044629050994,
      0.5099828853316688,
      1.5261551631392876
    ]
  }
}