{
  "CirCu_Re": {
    "location": [
      3.6638209469151466,
      0,
      -1.7201899124129016
    ],
    "rotation": [
      1.7298860637269045,
      2.950517322224475,
      0.3277527433260283
    ],
    "scale": [
      0.21656977347217476,
      1.5771220528799221,
      1.9100117322441692
    ]
  },
  "Simp_Bearing": {
    "location": [
      0.04795108187236785,
      0,
      1.337490961053307
    ],
    "rotation": [
      0.48978539145341804,
      0.1507817498017217,
      2.781425350197941
    ],
    "scale": [
      0.07723685821688209,
      0.6147861194353892,
      1.9010329052853108
    ]
  },
  "Rect_Frame": {
    "location": [
      1.0223530922989692,
      0,
      -0.5157930728149402
    ],
    "rotation": [
      2.184107410793604,
      0.3128323501825914,
      0.4401936070638292
    ],
    "scale": [
      1.6527917046875211,
      1.6285436798594106,
      0.5940734212933936
    ]
  },
  "Thr_NeTi": {
    "location": [
      -3.546615638877601,
      0,
      -1.8497854815687411
    ],
    "rotation": [
      0.7903223787781315,
      1.7771392564629835,
      0.3191119744697913
    ],
    "scale": [
      1.4289883988602419,
      0.7026807870297538,
      1.8351807974369907
    ]
  },
  "Tri_Hol": {
    "location": [
      4.453531631310899,
      0,
      -1.5909544355332246
    ],
    "rotation": [
      2.16615460765843,
      2.648504149409037,
      1.6923083469272686
    ],
    "scale": [
      1.4571655197403144,
      1.0146484833225657,
      1.013563848930678
    ]
  }
}