{
  "Hex_Cov": {
    "location": [
      -2.2191350669875582,
      0,
      -1.443310214150873
    ],
    "rotation": [
      0.31928333437308365,
      1.9641508023600958,
      0.9290146899423841
    ],
    "scale": [
      1.8445208702088438,
      1.2501302159900314,
      0.548909773293252
    ]
  },
  "Til_MixHV": {
    "location": [
      -2.092679041888939,
      0,
      0.04780587470491149
    ],
    "rotation": [
      2.2804179227319326,
      0.7598064996238031,
      2.1481569659351916
    ],
    "scale": [
      1.0688829715034325,
      1.8311208885495702,
      0.8406954028280527
    ]
  },
  "Ra_Simple": {
    "location": [
      -4.0948924554227,
      0,
      1.1246166776684055
    ],
    "rotation": [
      2.9385001031605458,
      2.584916742243328,
      2.712316032186061
    ],
    "scale": [
      1.9712362447844354,
      0.023013933318905666,
      1.1012391576605942
    ]
  },
  "Curved_Frame": {
    "location": [
      3.026489147531888,
      0,
      -1.5109905275514692
    ],
    "rotation": [
      1.0167306902485802,
      2.4255909966187374,
      1.8771457372923503
    ],
    "scale": [
      1.692150938279929,
      1.7281085637196285,
      0.10596056820828093
    ]
  },
  "Roundy_Co": {
    "location": [
      1.9764924067188767,
      0,
      -1.6033721009729458
    ],
    "rotation": [
      0.9731300555991529,
      0.33645447950802787,
      0.009317088491521306
    ],
    "scale": [
      1.0084241904947906,
      1.963759537553873,
      1.9758264339840994
    ]
  }
}