{
  "Hexa_Fr": {
    "location": [
      -3.52819345231509,
      0,
      1.4980473657848812
    ],
    "rotation": [
      1.6205806098489572,
      1.9936553765681253,
      2.5616398825988638
    ],
    "scale": [
      0.13030781609894926,
      1.0998304212842351,
      0.015973539019745076
    ]
  },
  "Circ_Sli_Cu": {
    "location": [
      2.2889552470523027,
      0,
      -3.8008369777915356
    ],
    "rotation": [
      1.7384492606971527,
      1.748826184091445,
      1.499516163379929
    ],
    "scale": [
      1.8295415035273184,
      0.11717276467765991,
      0.5854199402854099
    ]
  },
  "Connect_Two": {
    "location": [
      0.35491007240367,
      0,
      -3.018209621296812
    ],
    "rotation": [
      2.7754934838007936,
      0.47015158729333106,
      1.1055641843808794
    ],
    "scale": [
      1.5709453160851945,
      0.5615595330402199,
      0.4572067553671397
    ]
  },
  "Cur_SiSu": {
    "location": [
      3.313258500830716,
      0,
      2.3496236658218965
    ],
    "rotation": [
      0.8801587194174559,
      2.0599146367766195,
      1.1104241811806035
    ],
    "scale": [
      1.239975122348035,
      1.0038057821386992,
      0.9903573949116151
    ]
  },
  "Round_Conn": {
    "location": [
      3.2235279185303325,
      0,
      -1.0195549675273021
    ],
    "rotation": [
      2.4805673300304627,
      0.6605597730299257,
      1.595782284929306
    ],
    "scale": [
      0.3408612230994825,
      0.1005365505479403,
      1.614345915119134
    ]
  }
}