{
  "Soc_LiLo": {
    "location": [
      -1.3024103092765316,
      0,
      -4.486859724972809
    ],
    "rotation": [
      1.7763519088958015,
      1.3775944267536804,
      0.5901667846679804
    ],
    "scale": [
      0.7478759805962527,
      1.401455056177806,
      1.084366375828602
    ]
  },
  "Co_FraCir": {
    "location": [
      -0.5003134891139172,
      0,
      -4.3541071734452705
    ],
    "rotation": [
      1.0128642469114084,
      0.1670320132219349,
      0.49581729458806445
    ],
    "scale": [
      0.17940809549873116,
      1.0208208395704865,
      1.2302379391087634
    ]
  },
  "Sig_CubRo": {
    "location": [
      2.0926288958412647,
      0,
      0.9101073017007701
    ],
    "rotation": [
      1.5220116199182074,
      2.0856229792413528,
      1.0298016174256102
    ],
    "scale": [
      1.3350074172544082,
      1.805760823424241,
      1.096823094166032
    ]
  },
  "Dee_Ex": {
    "location": [
      0.9431815645620265,
      0,
      -0.15467201937455322
    ],
    "rotation": [
      0.12442009623587101,
      1.49944200605083,
      1.5380222986876018
    ],
    "scale": [
      0.8364273558227784,
      1.3407689727651562,
      1.8190326658007554
    ]
  },
  "Circ_CUBo": {
    "location": [
      1.375036483977814,
      0,
      -2.8396126158423387
    ],
    "rotation": [
      0.542214260117046,
      1.7003857916709846,
      1.195935863026756
    ],
    "scale": [
      0.3102789964127597,
      0.05635174118012043,
      0.9800320383113312
    ]
  }
}