{
  "Hol_Cyli": {
    "location": [
      1.6018842028109317,
      0,
      0.18989695130778905
    ],
    "rotation": [
      1.6632775149134698,
      1.7957749488431778,
      0.43943841729501315
    ],
    "scale": [
      0.3448663826904512,
      1.6371615064007332,
      0.2243180052808711
    ]
  },
  "Curve_CovM": {
    "location": [
      3.950206893032533,
      0,
      3.6122540431355503
    ],
    "rotation": [
      1.5562197661189403,
      2.5293748254562733,
      2.815964955628665
    ],
    "scale": [
      1.253840768286748,
      1.3691075915646203,
      1.4599945390543358
    ]
  },
  "Roll_Cut": {
    "location": [
      -2.1401332588379134,
      0,
      -0.1615568642035754
    ],
    "rotation": [
      0.35706569042487385,
      2.5036400251793647,
      2.007780873835132
    ],
    "scale": [
      1.0110091621200235,
      0.3419303767644293,
      0.9258367094892925
    ]
  },
  "Plane_Floo_Two": {
    "location": [
      -3.153538433375155,
      0,
      2.316498585442667
    ],
    "rotation": [
      1.5139894920193095,
      1.70132779351641,
      2.2129160751302006
    ],
    "scale": [
      1.369156700467388,
      0.21693075378889604,
      0.037973907809371044
    ]
  },
  "E_PlaneSt": {
    "location": [
      -4.35187043365233,
      0,
      -1.276676297274633
    ],
    "rotation": [
      0.517078351676566,
      2.5587911745879994,
      2.5501266842801216
    ],
    "scale": [
      1.8782082646382026,
      1.206902778771065,
      1.9647541495202592
    ]
  }
}