{
  "Box_DLow": {
    "location": [
      -3.5491376857156354,
      0,
      -2.6267203164417277
    ],
    "rotation": [
      0.555778546711765,
      2.897825226023401,
      0.6422454522399449
    ],
    "scale": [
      1.020426288810142,
      0.49718711140284366,
      0.799726220667131
    ]
  },
  "Cargo_Styl": {
    "location": [
      3.1524663725996422,
      0,
      -2.641590900163674
    ],
    "rotation": [
      0.3883780770424137,
      2.6300803814175127,
      0.4849892775768177
    ],
    "scale": [
      0.6208159934409319,
      0.3456539202093909,
      1.3070799376068971
    ]
  },
  "Circle": {
    "location": [
      -3.0829792939240046,
      0,
      -4.164178663133537
    ],
    "rotation": [
      0.6142732703929032,
      1.6102861987319865,
      1.086204203185195
    ],
    "scale": [
      1.8746462350316002,
      1.793369444321117,
      0.6429898303621233
    ]
  },
  "Switch_Simp": {
    "location": [
      -2.8162347869879834,
      0,
      0.7945978258968776
    ],
    "rotation": [
      1.9444025100764457,
      2.220682174391373,
      0.8565864867929959
    ],
    "scale": [
      1.3133646647136301,
      1.6860621004261145,
      0.5677993216753014
    ]
  },
  "Roun_Hof": {
    "location": [
      -1.9724308592798314,
      0,
      -2.0259658114835166
    ],
    "rotation": [
      1.1506877813949299,
      0.5256726505567304,
      2.1401132336335698
    ],
    "scale": [
      1.3570678055538785,
      0.01330430488708867,
      0.8502031967404029
    ]
  }
}