{
  "Cir_FourIn": {
    "location": [
      3.478952623083039,
      0,
      2.4478915937460686
    ],
    "rotation": [
      0.036451097587673134,
      3.0868102179928165,
      0.5612193511718971
    ],
    "scale": [
      0.5513555579478056,
      0.11367327599687349,
      1.7030343262787213
    ]
  },
  "Rou_SidwT": {
    "location": [
      2.7683148348078825,
      0,
      3.7047347009622182
    ],
    "rotation": [
      0.17149248117252763,
      1.4223986509003852,
      2.6673779004790186
    ],
    "scale": [
      0.9965165477305429,
      0.6530586618698324,
      1.2044859518285214
    ]
  },
  "Four_Conn": {
    "location": [
      4.155787782858814,
      0,
      -3.1239109616083915
    ],
    "rotation": [
      0.7323993667145365,
      1.2473209468653006,
      1.4241298119974357
    ],
    "scale": [
      1.6698178393993655,
      1.4966278555429737,
      0.7277886441306485
    ]
  },
  "Camera": {
    "location": [
      -3.145918999463893,
      0,
      -2.1276619957896505
    ],
    "rotation": [
      2.945905372221519,
      2.96046808685544,
      2.1888238668701883
    ],
    "scale": [
      0.19179225923766263,
      0.2955777434289233,
      0.031612813295566644
    ]
  },
  "Gri_Arr": {
    "location": [
      -1.848222309315818,
      0,
      -2.137523200066771
    ],
    "rotation": [
      0.01868438899350349,
      2.5804285115618124,
      1.405887479069217
    ],
    "scale": [
      1.8787101087203495,
      1.4153334390221368,
      1.5266722131216
    ]
  }
}