{
  "Angl_PipCo": {
    "location": [
      -3.5537897359595165,
      0,
      0.43781028241743325
    ],
    "rotation": [
      0.3427945444412653,
      1.5036806289498883,
      1.5514400263688692
    ],
    "scale": [
      1.8472166576378966,
      0.735118891855542,
      0.7287623353717907
    ]
  },
  "Roun_Hof": {
    "location": [
      -4.047322517542447,
      0,
      1.931744157069903
    ],
    "rotation": [
      0.2859394859744575,
      0.09836466585556408,
      2.8092880701646896
    ],
    "scale": [
      1.2018493583877876,
      1.7912850977888628,
      0.320362755767998
    ]
  },
  "Sl_Pan_T": {
    "location": [
      -3.3523008266387775,
      0,
      -0.27083863457453283
    ],
    "rotation": [
      1.142593049027887,
      0.6801176473037505,
      1.7907098407802589
    ],
    "scale": [
      1.8397712426447237,
      0.6727199047855279,
      1.2897320205260463
    ]
  },
  "Sco_CircC": {
    "location": [
      -2.0657220051898477,
      0,
      0.47973573262075764
    ],
    "rotation": [
      1.1206916805755214,
      0.6243216447431241,
      0.6475949586904399
    ],
    "scale": [
      0.21141840052281125,
      0.3147450289940612,
      1.4635931350642815
    ]
  },
  "Round_Plug": {
    "location": [
      0.6041162574178509,
      0,
      -1.8413685485266784
    ],
    "rotation": [
      1.9374978504841276,
      1.2802951218044551,
      1.7444807020783695
    ],
    "scale": [
      1.0161262241800302,
      1.2370343773660344,
      0.41470993922997157
    ]
  }
}