{
  "Pro_GuB": {
    "location": [
      2.6932012827616587,
      0,
      1.97838783509465
    ],
    "rotation": [
      0.7605239620932678,
      2.1581261100560676,
      0.7766596249682179
    ],
    "scale": [
      0.6731242704676821,
      0.18015336631235512,
      0.8743280432234792
    ]
  },
  "Lev_SimM": {
    "location": [
      -3.6096826489953298,
      0,
      0.447365267489201
    ],
    "rotation": [
      1.1114220783752335,
      0.8414751285206921,
      0.9307828376935013
    ],
    "scale": [
      1.4394937649304587,
      1.0868165493448299,
      0.9284620727913733
    ]
  },
  "Ple_FrLo": {
    "location": [
      -1.4318182887749829,
      0,
      -3.35632336581034
    ],
    "rotation": [
      1.2868760598046727,
      2.124207412322793,
      0.12284777526820025
    ],
    "scale": [
      0.5163662984375597,
      1.29167716758012,
      0.6392945417179738
    ]
  },
  "X_Arr": {
    "location": [
      -2.3312356519548847,
      0,
      1.0411972869868116
    ],
    "rotation": [
      2.3080293791780444,
      2.5621199100327376,
      0.1475422551716939
    ],
    "scale": [
      1.9854064830155458,
      0.28462481391340777,
      0.44393064231875523
    ]
  },
  "Flap_Flat": {
    "location": [
      -3.6231549837738415,
      0,
      -4.006018608456441
    ],
    "rotation": [
      0.3508623137275739,
      1.7399505695638482,
      2.1592586382274614
    ],
    "scale": [
      1.164777587658207,
      0.09898949858290185,
      1.9949966773878338
    ]
  }
}