{
  "Corrid_Two": {
    "location": [
      -1.731251565740512,
      0,
      -0.5585310837237456
    ],
    "rotation": [
      2.136034272043765,
      2.591814894800561,
      2.0724563561687033
    ],
    "scale": [
      0.06814107005270431,
      0.6952256661368332,
      1.2165035411282599
    ]
  },
  "Caged_Sliced": {
    "location": [
      -1.763968667925035,
      0,
      -1.0790059540800265
    ],
    "rotation": [
      2.2544710632177503,
      3.085240664727219,
      2.330352661313108
    ],
    "scale": [
      1.957084637496315,
      1.739814375339409,
      1.362817646599212
    ]
  },
  "Tri_PolHo": {
    "location": [
      3.633701104189589,
      0,
      -1.7230321644199011
    ],
    "rotation": [
      0.4683180606406114,
      0.13884603763352363,
      1.6479495317345423
    ],
    "scale": [
      0.058876202394564814,
      1.382841016815693,
      0.9652898374649921
    ]
  },
  "Dua_CutSc": {
    "location": [
      -3.5581673305688817,
      0,
      -2.557980733101542
    ],
    "rotation": [
      0.751234443175686,
      0.6625732260201129,
      0.8457026676173837
    ],
    "scale": [
      0.1247116470451366,
      0.7004443952982828,
      0.09590017393074435
    ]
  },
  "Plane_Floo_Two": {
    "location": [
      0.027188574204402904,
      0,
      -4.443005742541236
    ],
    "rotation": [
      1.6209770167399205,
      0.145375804931449,
      0.7260440181892127
    ],
    "scale": [
      0.14741803079424787,
      0.6764587327362053,
      0.9863093924506587
    ]
  }
}