{
  "Box_Cut": {
    "location": [
      -1.3870796184022698,
      0,
      2.658630379241907
    ],
    "rotation": [
      2.6717969826291244,
      2.950149950571219,
      1.6822228416253593
    ],
    "scale": [
      0.7759170376229085,
      0.49499423981594504,
      0.004488472087488704
    ]
  },
  "Fra_BuCu": {
    "location": [
      0.030815443249339047,
      0,
      -0.2816326424062634
    ],
    "rotation": [
      2.0344763877507157,
      2.930191613809541,
      2.2173425868029177
    ],
    "scale": [
      1.4287741846022002,
      0.8228084123243036,
      1.9692630373241882
    ]
  },
  "Holl_Cut": {
    "location": [
      0.05104072157018358,
      0,
      1.546779602705107
    ],
    "rotation": [
      0.01729326444982659,
      2.4098667093452852,
      0.3101903561031381
    ],
    "scale": [
      1.8908525956163689,
      0.1659041999844586,
      1.5339492028888022
    ]
  },
  "Cir_LifR": {
    "location": [
      -3.52143333706397,
      0,
      -0.31789535856030504
    ],
    "rotation": [
      0.7979068708292086,
      1.5261413088012534,
      2.809387577121918
    ],
    "scale": [
      0.03479576533678297,
      0.05943870974114396,
      1.7886803669502933
    ]
  },
  "X_Arr": {
    "location": [
      -0.15242294236353882,
      0,
      2.344664396866862
    ],
    "rotation": [
      2.9339996401109647,
      1.279223477193883,
      1.2517686367449032
    ],
    "scale": [
      0.23608782146823737,
      0.010319467260876403,
      1.026876485236399
    ]
  }
}