{
  "Doub_HoC": {
    "location": [
      4.346256443716808,
      0,
      -4.048461142500997
    ],
    "rotation": [
      2.553395176100497,
      1.7743970309330717,
      3.134199672275788
    ],
    "scale": [
      1.2910368058187083,
      1.270942031393459,
      0.6111362041092019
    ]
  },
  "Pipe_Vent": {
    "location": [
      -2.7600167112289156,
      0,
      4.064555270057397
    ],
    "rotation": [
      2.53090741583183,
      1.622529257640805,
      1.6615253337134275
    ],
    "scale": [
      0.9228286035115225,
      1.645877222503137,
      0.3095775840046584
    ]
  },
  "Split_Hold": {
    "location": [
      0.33050723525149817,
      0,
      -0.45834308494481313
    ],
    "rotation": [
      2.88132040222033,
      1.1264172622062238,
      1.1235979656982633
    ],
    "scale": [
      1.9561282753201854,
      1.082934845055638,
      0.023539845839275042
    ]
  },
  "Cut_Rail": {
    "location": [
      -0.5816976201627426,
      0,
      -4.197168026822571
    ],
    "rotation": [
      0.624895649494857,
      1.6387442453762209,
      1.055645576316657
    ],
    "scale": [
      0.4244053393020695,
      1.5073731655966869,
      0.22894252351725175
    ]
  },
  "Dual_HoMi": {
    "location": [
      -4.463435977041647,
      0,
      -2.943667425708605
    ],
    "rotation": [
      2.0875206573514067,
      2.145601650715182,
      1.4526159647861183
    ],
    "scale": [
      0.6455898424045305,
      0.9496465949554429,
      0.7765306763553792
    ]
  }
}