{
  "Ra_Simple": {
    "location": [
      -0.9623418940512085,
      0,
      2.770687598131394
    ],
    "rotation": [
      1.6217542805978926,
      0.07585081885659048,
      0.42448063149444504
    ],
    "scale": [
      1.0322579077781018,
      1.8081655050803092,
      0.35947149831466274
    ]
  },
  "Cross_Screw": {
    "location": [
      4.236576825470451,
      0,
      -1.8644277630897887
    ],
    "rotation": [
      2.9685247733253632,
      0.47424833058342947,
      1.0605849974879171
    ],
    "scale": [
      0.40391428973122157,
      0.7068108862903368,
      1.125482370930074
    ]
  },
  "Cir_CroS": {
    "location": [
      3.075244198937922,
      0,
      1.7244217426467339
    ],
    "rotation": [
      0.1581698304293392,
      2.8516755114960843,
      0.5107151561067572
    ],
    "scale": [
      0.8945985651387085,
      1.7678767843965557,
      0.49434761661889826
    ]
  },
  "Fou_HolLo": {
    "location": [
      -1.5567125881564836,
      0,
      -1.6444475167488442
    ],
    "rotation": [
      1.1085473603638156,
      0.32011846637474994,
      1.9388920372104634
    ],
    "scale": [
      0.10019352963487149,
      1.83424837970008,
      0.39833706549868375
    ]
  },
  "Dua_CutSc": {
    "location": [
      0.38529210956122206,
      0,
      2.320198110477583
    ],
    "rotation": [
      2.528948184700156,
      2.7681547541890215,
      2.8793402576066915
    ],
    "scale": [
      1.4818291136547417,
      0.14082891778713136,
      1.5860760884091862
    ]
  }
}