{
  "Roun_BlSp": {
    "location": [
      -1.2442088477164441,
      0,
      -2.805696934953136
    ],
    "rotation": [
      1.5610162750471341,
      2.477560510455067,
      0.4723215012581562
    ],
    "scale": [
      1.9494408794530569,
      1.2837257466823309,
      0.7868096005282037
    ]
  },
  "Col_Fram": {
    "location": [
      -0.6039550576214703,
      0,
      -3.580179136817228
    ],
    "rotation": [
      1.0719032033469862,
      2.6523115132873123,
      1.0580516317290238
    ],
    "scale": [
      0.8301439303997609,
      0.06350318434383317,
      1.4199185623158754
    ]
  },
  "Cov_Fra": {
    "location": [
      -2.4846468208821455,
      0,
      -3.2431774587325695
    ],
    "rotation": [
      1.2922894143082908,
      0.43888888089926936,
      2.872966830493328
    ],
    "scale": [
      1.7775399501399423,
      1.8636413095019513,
      0.359192400584569
    ]
  },
  "Dua_CurvFi": {
    "location": [
      -3.5840628643032755,
      0,
      -2.419032785067581
    ],
    "rotation": [
      2.645629089015074,
      1.1606098481621852,
      1.1456959126080883
    ],
    "scale": [
      0.3617237707466081,
      1.8464090140763454,
      0.32715081860866646
    ]
  },
  "Cup_ProtF": {
    "location": [
      3.86822384309845,
      0,
      -2.1885852765318328
    ],
    "rotation": [
      0.21548706733683362,
      1.4083122305098963,
      2.138011634436953
    ],
    "scale": [
      1.9012767180668213,
      0.9246487756417878,
      0.8200190959535192
    ]
  }
}