{
  "Hexa_cov": {
    "location": [
      2.535312207520886,
      0,
      -3.1411509589538102
    ],
    "rotation": [
      2.8799929494027667,
      0.4340069508557982,
      0.18738123775917373
    ],
    "scale": [
      1.8744833511235428,
      1.243049931789245,
      0.588830027919941
    ]
  },
  "Paral_CutC": {
    "location": [
      0.5241566561242186,
      0,
      -2.1315795898222367
    ],
    "rotation": [
      2.8757613662684736,
      2.6409080608318556,
      2.7932493306028663
    ],
    "scale": [
      1.1273495731500691,
      1.1530555779196523,
      0.8413848029955346
    ]
  },
  "CRot_Cut": {
    "location": [
      -2.4111452226302807,
      0,
      -2.9754376138091323
    ],
    "rotation": [
      1.6439521493256317,
      2.9174361533318356,
      0.325962286382986
    ],
    "scale": [
      1.9503280611139502,
      1.6693270669721905,
      1.3902601708163902
    ]
  },
  "Grill_Thin": {
    "location": [
      1.4876203061875302,
      0,
      -3.407069410633083
    ],
    "rotation": [
      1.7054829517469294,
      2.216921704408006,
      2.2803259459462604
    ],
    "scale": [
      0.036399458187642564,
      1.8038935284548874,
      1.6835908260743873
    ]
  },
  "Roun_BlSp": {
    "location": [
      -1.9581662649287415,
      0,
      2.220037711507592
    ],
    "rotation": [
      2.6047862915954685,
      1.5450467596011228,
      2.577902694529617
    ],
    "scale": [
      1.9803258636837435,
      0.22233124250148517,
      1.3515445060792846
    ]
  }
}