{
  "Circ_Ho_Curv": {
    "location": [
      -4.131432378571095,
      0,
      -0.27692874442842097
    ],
    "rotation": [
      1.7454518710738856,
      1.3686618276207194,
      0.8166038498625932
    ],
    "scale": [
      0.039204617893538574,
      0.7012616978320212,
      0.3404464235777698
    ]
  },
  "St_Eye": {
    "location": [
      -0.41581169691407016,
      0,
      0.01439266256020666
    ],
    "rotation": [
      2.579718540505428,
      0.25080476757188036,
      1.470263404699504
    ],
    "scale": [
      0.24982273495069918,
      1.170278700675688,
      0.6802321235401161
    ]
  },
  "Cup_ProtF": {
    "location": [
      0.9442827842597907,
      0,
      0.35335920693489786
    ],
    "rotation": [
      0.15182638829308595,
      0.6117048869165047,
      0.6308297203089449
    ],
    "scale": [
      1.513364519582289,
      0.5493874524843843,
      1.1717286655962151
    ]
  },
  "Fla_Bas": {
    "location": [
      0.9965122564334372,
      0,
      -2.465410862468657
    ],
    "rotation": [
      0.45023706522617185,
      1.0978021656312766,
      0.5787462368883457
    ],
    "scale": [
      1.2218354838429966,
      0.023337817785110015,
      0.286326720307545
    ]
  },
  "Circular_Three": {
    "location": [
      -2.921046505314032,
      0,
      -1.8295666063183935
    ],
    "rotation": [
      1.9005144658076716,
      1.8318843356060908,
      1.0273474360433204
    ],
    "scale": [
      0.20465882056130313,
      1.0181532552045696,
      0.983260700476223
    ]
  }
}