{
  "Ang_CuL": {
    "location": [
      -1.059745613402574,
      0,
      1.4441436432131338
    ],
    "rotation": [
      1.728942320743082,
      1.524803782661105,
      0.6190905266588015
    ],
    "scale": [
      1.1453525262824058,
      1.8096854039815324,
      1.2840083566092473
    ]
  },
  "Plane_Floo_Two": {
    "location": [
      -1.2712646807626293,
      0,
      -1.674862124187384
    ],
    "rotation": [
      0.13714323285789098,
      0.45177243418482144,
      2.323131382189263
    ],
    "scale": [
      1.3196932608701446,
      1.6396123921318724,
      1.3312209503329069
    ]
  },
  "Offs_Cover": {
    "location": [
      0.8561988908047535,
      0,
      -3.12411198355192
    ],
    "rotation": [
      2.2761227699923756,
      0.05065567978622568,
      2.9088250892514496
    ],
    "scale": [
      1.2691940086149702,
      1.777185599332743,
      1.5719938682422334
    ]
  },
  "Sus_Round": {
    "location": [
      0.19124268414543089,
      0,
      -0.39492315920728505
    ],
    "rotation": [
      0.32398207412189256,
      1.4507609644416706,
      0.9478658120808365
    ],
    "scale": [
      1.1298791818762526,
      1.604015001468234,
      0.03559495666793877
    ]
  },
  "CorrCut": {
    "location": [
      0.267551043866062,
      0,
      -0.8470657411768845
    ],
    "rotation": [
      0.6485289386862829,
      0.09430567398572542,
      1.9762449981964296
    ],
    "scale": [
      0.21950885485449811,
      1.8297001667799135,
      1.2249568624791685
    ]
  }
}