{
  "Plane_Floo_Two": {
    "location": [
      -4.116821735908416,
      0,
      2.5196034015599986
    ],
    "rotation": [
      1.514950623339419,
      2.9065769157357098,
      2.8248767660712235
    ],
    "scale": [
      1.1127211661044603,
      1.2675674441515525,
      0.5776507779882889
    ]
  },
  "Frame_Cage": {
    "location": [
      0.20557283088338618,
      0,
      0.828131921663851
    ],
    "rotation": [
      0.6472282245461134,
      2.9737505073409727,
      0.9172068255347524
    ],
    "scale": [
      0.43216475159548495,
      0.3409807723320959,
      1.78925329371677
    ]
  },
  "Tri_Cover": {
    "location": [
      4.055623929287089,
      0,
      -3.125839408544237
    ],
    "rotation": [
      1.311136144353622,
      1.805814967833403,
      1.136738863717863
    ],
    "scale": [
      1.7648036827502247,
      1.671327470985618,
      1.4161372975189956
    ]
  },
  "Dual_CirBr": {
    "location": [
      1.1349604247362093,
      0,
      1.9092449997491983
    ],
    "rotation": [
      0.28745465937392406,
      2.43961422449735,
      1.1372652719290792
    ],
    "scale": [
      0.7811678364897594,
      0.003779035688574739,
      0.6887882683098909
    ]
  },
  "Up_Sign": {
    "location": [
      3.439168645604215,
      0,
      1.3992516651090954
    ],
    "rotation": [
      2.9152129622544076,
      0.6141533509124563,
      1.0837036572981291
    ],
    "scale": [
      1.938617915523903,
      0.9112286149965696,
      0.08175607630621151
    ]
  }
}