{
  "Circ_Three": {
    "location": [
      -1.1112686145183335,
      0,
      -1.4394898939825183
    ],
    "rotation": [
      1.3509598581202142,
      1.4319675005108412,
      1.427127454064221
    ],
    "scale": [
      0.7394877958956829,
      1.9981797295815433,
      1.6333888392240592
    ]
  },
  "Rou_FCut": {
    "location": [
      -3.7351820240705798,
      0,
      -0.13404232458156784
    ],
    "rotation": [
      0.76285566834662,
      0.6075194568731777,
      1.4986100086393277
    ],
    "scale": [
      0.43717018141631825,
      0.9607572428284339,
      1.1561555720622776
    ]
  },
  "InTotal": {
    "location": [
      3.9238531131452525,
      0,
      1.2328263568934883
    ],
    "rotation": [
      1.087347094364684,
      2.970194082682109,
      2.6528555190553824
    ],
    "scale": [
      0.26495839742978,
      0.22684209520642895,
      1.1261349743535836
    ]
  },
  "Tile_Vent_Two": {
    "location": [
      0.1723537530862167,
      0,
      -1.415706036840894
    ],
    "rotation": [
      0.6001933691489688,
      0.8728556035827292,
      0.8028082153561142
    ],
    "scale": [
      0.5198133422821485,
      0.8172468202173788,
      0.7923655904412075
    ]
  },
  "Curv_SidMe": {
    "location": [
      -1.2350209133067374,
      0,
      2.8422594732848365
    ],
    "rotation": [
      0.122192359111672,
      2.474601236349074,
      0.7232358992733707
    ],
    "scale": [
      1.4115989087258014,
      0.8026091493110099,
      1.2782281947609413
    ]
  }
}