{
  "Panel_Array": {
    "location": [
      0.37352647059051414,
      0,
      -1.8223223533731203
    ],
    "rotation": [
      2.665040984757576,
      2.140455758048948,
      1.4522653280987419
    ],
    "scale": [
      0.34332785035689617,
      0.5681908793839003,
      0.08256096427793191
    ]
  },
  "Cont_Upf": {
    "location": [
      -3.251565400645153,
      0,
      -4.342263116388832
    ],
    "rotation": [
      2.0632836291170245,
      2.260431027704304,
      2.25802532550977
    ],
    "scale": [
      0.0005578277458946346,
      0.5308897354487558,
      0.12163184528797366
    ]
  },
  "Sph2Cyli": {
    "location": [
      -1.3908937112823598,
      0,
      -0.9231371219106648
    ],
    "rotation": [
      3.054418073474821,
      2.00158101850178,
      2.752688210178736
    ],
    "scale": [
      0.7570941092422783,
      0.39554173139244986,
      1.6748093714613552
    ]
  },
  "Round_Bo": {
    "location": [
      -0.19214263653989327,
      0,
      -3.3176205549220072
    ],
    "rotation": [
      0.749970537931082,
      2.541992567170769,
      0.39892503269034046
    ],
    "scale": [
      0.2882931182660913,
      1.6013529101949597,
      1.8098016173598328
    ]
  },
  "Hexa_Screw": {
    "location": [
      -2.596547350135032,
      0,
      0.7624306081873051
    ],
    "rotation": [
      2.865246184835075,
      2.868470687819873,
      1.1051408735546984
    ],
    "scale": [
      0.5983048328319485,
      0.40396347987272563,
      1.9278193257782008
    ]
  }
}