{
  "Cov_Curved": {
    "location": [
      0.053463723932228646,
      0,
      -3.197515026296984
    ],
    "rotation": [
      1.5579303731732959,
      2.2970077494566628,
      0.6267085379518743
    ],
    "scale": [
      1.5830518719229318,
      0.2919096013592939,
      0.794977753962915
    ]
  },
  "HemiC_MidC": {
    "location": [
      -3.7701840183850397,
      0,
      -2.666965973210536
    ],
    "rotation": [
      0.262254436422259,
      1.3220800888600694,
      2.8647581483896127
    ],
    "scale": [
      1.0936031070732661,
      1.5203229566195489,
      0.7411886202493729
    ]
  },
  "Cover_Ha": {
    "location": [
      -2.7491647686013705,
      0,
      -1.2924161391355007
    ],
    "rotation": [
      1.2684911553231124,
      0.4574014610269692,
      1.8248176960643332
    ],
    "scale": [
      0.2963424127741672,
      1.9581002401455487,
      1.9199218603899109
    ]
  },
  "ClCu_Bb": {
    "location": [
      3.4028941416884324,
      0,
      1.896153597562435
    ],
    "rotation": [
      0.7739533533617846,
      0.40983352188810457,
      0.8778907412224252
    ],
    "scale": [
      1.8685239254079458,
      1.654341130684628,
      0.9624932681466167
    ]
  },
  "Circular_One": {
    "location": [
      -4.2250021183136335,
      0,
      -2.3315804893935486
    ],
    "rotation": [
      2.813133457522032,
      2.5790626487203103,
      0.7539235144080445
    ],
    "scale": [
      1.421964535592569,
      1.8526257170140281,
      1.0298759080154982
    ]
  }
}