{
  "Bul_ArrCir": {
    "location": [
      1.2064177344078342,
      0,
      -2.66454418824214
    ],
    "rotation": [
      0.9550711102029147,
      2.581581842674972,
      1.3738299392626578
    ],
    "scale": [
      1.3448717107851522,
      0.1936949535612822,
      0.8515731066797143
    ]
  },
  "Corrid_Two": {
    "location": [
      0.5273811644744821,
      0,
      -0.8015752232586113
    ],
    "rotation": [
      1.3080357444949215,
      2.3184777629393833,
      2.388041584722122
    ],
    "scale": [
      0.09756335859413556,
      1.5756738043562981,
      0.14937675289724806
    ]
  },
  "Cut_TrFra": {
    "location": [
      -3.703748376947567,
      0,
      -0.9924510079628419
    ],
    "rotation": [
      3.0442740955505405,
      2.0747560214084784,
      1.783297246822275
    ],
    "scale": [
      1.643536497315678,
      1.356860803856835,
      0.894112314914884
    ]
  },
  "Thi_Fl": {
    "location": [
      2.61033634679033,
      0,
      2.5907554104427772
    ],
    "rotation": [
      1.708891085198336,
      2.6452780795629023,
      2.9228900660832413
    ],
    "scale": [
      0.35062687067102916,
      0.556501368226441,
      0.4512247835391383
    ]
  },
  "Sing_L": {
    "location": [
      -3.040836742991725,
      0,
      -3.4570244528375214
    ],
    "rotation": [
      1.208200916767226,
      3.0697733905761098,
      0.5029917917656607
    ],
    "scale": [
      1.2203225907102353,
      0.46469352633869776,
      1.129536415062122
    ]
  }
}