{
  "Hole_Circ": {
    "location": [
      -3.4675454474317746,
      0,
      2.852325375850251
    ],
    "rotation": [
      0.6164836200795022,
      2.357247755529561,
      2.957626112774669
    ],
    "scale": [
      1.0377210563155563,
      0.822430321160097,
      0.43552656773529175
    ]
  },
  "Flap_Flat": {
    "location": [
      0.7978743483314723,
      0,
      1.3012269403023629
    ],
    "rotation": [
      2.09903215027139,
      2.2098207806152934,
      0.1254927060265351
    ],
    "scale": [
      0.024689609371897125,
      0.11661756655781552,
      0.9361446269981604
    ]
  },
  "SlidR_Simp": {
    "location": [
      -3.1700087752449004,
      0,
      -4.3793309794378255
    ],
    "rotation": [
      2.250390812305437,
      2.0580043491320428,
      3.1080202026211308
    ],
    "scale": [
      1.3380567411930084,
      0.2343945488151864,
      1.9132323391039685
    ]
  },
  "Rounded_BI": {
    "location": [
      -3.1207162579131973,
      0,
      3.340143860953594
    ],
    "rotation": [
      2.6443679480624853,
      1.8479438747034411,
      0.15247392954470307
    ],
    "scale": [
      0.17402270599251146,
      0.2727521733129856,
      0.5221920892482546
    ]
  },
  "Hexa_cov": {
    "location": [
      -1.1107728422669845,
      0,
      -0.929530921696827
    ],
    "rotation": [
      2.075631985991813,
      0.22824645600593743,
      0.22903567619062856
    ],
    "scale": [
      0.6758517967868112,
      1.0428020785388912,
      0.33097077418189214
    ]
  }
}