{
  "Bolt_Hold": {
    "location": [
      -0.26784576216442346,
      0,
      -3.566929102260163
    ],
    "rotation": [
      1.5606317740306834,
      2.2782256626538415,
      0.5152878079063848
    ],
    "scale": [
      0.5490080555121344,
      0.5009595447866035,
      1.8939666023825792
    ]
  },
  "Hex_CirCL": {
    "location": [
      -3.1857178263830614,
      0,
      -0.04478841707019399
    ],
    "rotation": [
      2.0604640322407652,
      0.5874775841422768,
      3.0609460888949314
    ],
    "scale": [
      0.6254282083948888,
      1.4067232542282895,
      1.4419359454678213
    ]
  },
  "Ve_Clo": {
    "location": [
      1.1318720790096322,
      0,
      0.18430360792503997
    ],
    "rotation": [
      2.1232248799519127,
      0.19980868650640296,
      2.6023907143684686
    ],
    "scale": [
      0.9675139608073853,
      1.7531971619621258,
      1.1025625003425876
    ]
  },
  "Hold_Block": {
    "location": [
      -1.615450113452309,
      0,
      -0.4437189726087185
    ],
    "rotation": [
      2.215816720071191,
      2.2090667575527307,
      0.02293169142619606
    ],
    "scale": [
      1.9144732058608493,
      0.29645267960709587,
      0.925832560913773
    ]
  },
  "Bea_RoLo": {
    "location": [
      -2.1199405501426076,
      0,
      0.5115319163340875
    ],
    "rotation": [
      0.8397873684853019,
      0.6374811925867101,
      2.8288581758211784
    ],
    "scale": [
      0.8560095141590232,
      1.0128930630648645,
      1.6646304414979856
    ]
  }
}