{
  "Tr_Tube": {
    "location": [
      3.07540169807457,
      0,
      0.8443918004681858
    ],
    "rotation": [
      0.5319678779819981,
      2.198023085684481,
      0.14797499501959693
    ],
    "scale": [
      1.4561332233432593,
      0.5156322436541885,
      1.9180801597142498
    ]
  },
  "Hemi_Shape": {
    "location": [
      2.781740759056288,
      0,
      -1.7647058153891866
    ],
    "rotation": [
      1.7915942748926479,
      2.2563451303778947,
      0.622676959916468
    ],
    "scale": [
      0.17350138267554005,
      1.443755797122041,
      1.2159245667527678
    ]
  },
  "Gri_Box": {
    "location": [
      -0.7531675837838501,
      0,
      -1.8286283512591903
    ],
    "rotation": [
      1.6497381943920095,
      1.279819056197471,
      1.690712524219543
    ],
    "scale": [
      1.1490705118729831,
      1.0245173170529762,
      1.9781784458562826
    ]
  },
  "Wav_Hol": {
    "location": [
      -2.7364330710821,
      0,
      3.380809967990677
    ],
    "rotation": [
      1.9658144378105913,
      1.4540646246205382,
      1.017626600836694
    ],
    "scale": [
      1.104260552966882,
      1.7150808989810176,
      0.8579280049949876
    ]
  },
  "Curve_Gri": {
    "location": [
      3.9968437019117005,
      0,
      4.001482049674939
    ],
    "rotation": [
      1.3335923100657494,
      2.44330338584302,
      2.755778910695634
    ],
    "scale": [
      1.9504598076053266,
      1.849619913296686,
      0.18246033905060433
    ]
  }
}