{
  "St_Hold": {
    "location": [
      0.8563126286870038,
      0,
      0.060475296406732326
    ],
    "rotation": [
      1.3944908449180482,
      1.731401330793145,
      0.41771685530396613
    ],
    "scale": [
      1.3131761944950222,
      1.2156781823308633,
      0.5853315147023359
    ]
  },
  "Hol_BeaSpl": {
    "location": [
      -1.6867228986667047,
      0,
      -0.2486558322810586
    ],
    "rotation": [
      0.14522797510677524,
      0.4753796074832408,
      1.431873451298766
    ],
    "scale": [
      0.3746888418446721,
      1.79927448545315,
      1.9547243707620567
    ]
  },
  "Win_FraSi": {
    "location": [
      -4.205056644795552,
      0,
      -3.907807565170668
    ],
    "rotation": [
      0.34271436027442276,
      0.8173443944166221,
      0.9529275886317168
    ],
    "scale": [
      1.8228896678984263,
      0.09585149300088669,
      1.998562303857119
    ]
  },
  "Round_Tap": {
    "location": [
      -4.070272670977395,
      0,
      4.011415633678602
    ],
    "rotation": [
      1.6783944664433492,
      0.5315193551767975,
      1.7905703824739512
    ],
    "scale": [
      0.5584863083778164,
      0.853344103230808,
      0.542782246053823
    ]
  },
  "Circ_Met_Pu": {
    "location": [
      4.44421560490515,
      0,
      1.9682354558896655
    ],
    "rotation": [
      2.9889846294003912,
      1.2427472763798173,
      1.095872363141468
    ],
    "scale": [
      0.28263865389735043,
      0.8985055621753983,
      1.5303074922396016
    ]
  }
}