{
  "Cover_Ha": {
    "location": [
      -3.601387761509094,
      0,
      -3.810232586355992
    ],
    "rotation": [
      3.067037528511232,
      0.707461320544327,
      2.5959230590845985
    ],
    "scale": [
      1.9964230083477466,
      1.9553700833202583,
      1.5666106500732841
    ]
  },
  "Connect_One": {
    "location": [
      1.3510498655865533,
      0,
      3.4082626995406757
    ],
    "rotation": [
      2.832644890776056,
      0.6583982752244919,
      1.1856717221215172
    ],
    "scale": [
      0.8446039391984639,
      0.2815418521216706,
      1.4875373868827186
    ]
  },
  "H_Shaped": {
    "location": [
      2.041101612135349,
      0,
      -2.062586391938313
    ],
    "rotation": [
      0.9312227487678143,
      1.9253206108051968,
      1.1263531851485733
    ],
    "scale": [
      0.961121635322548,
      1.686996752648799,
      1.3310428820810865
    ]
  },
  "Thr_In": {
    "location": [
      -2.5658804278546956,
      0,
      -4.372428421025458
    ],
    "rotation": [
      0.14239862826181504,
      2.9977576750971133,
      2.9074146264279435
    ],
    "scale": [
      1.6796280215970643,
      1.0243090190426491,
      0.042463417983181095
    ]
  },
  "Curv_HolDi": {
    "location": [
      -0.25340518183926797,
      0,
      0.1382908305478523
    ],
    "rotation": [
      0.6071040873383824,
      2.1630970499256064,
      0.07743250134859814
    ],
    "scale": [
      1.9769017604979375,
      0.03104957349962345,
      1.5214853232868075
    ]
  }
}