{
  "I_Prof": {
    "location": [
      -2.899981995773312,
      0,
      -1.20233044807626
    ],
    "rotation": [
      2.3758146811700436,
      0.9699292284528772,
      1.7295803325603678
    ],
    "scale": [
      1.5746595632575326,
      0.8220392566903274,
      0.5607518590848455
    ]
  },
  "Pic_RouNi": {
    "location": [
      -2.7855883100243872,
      0,
      -3.632929970001717
    ],
    "rotation": [
      0.12687011600321443,
      1.071568436964998,
      0.7444510024442613
    ],
    "scale": [
      0.6062756268306113,
      1.8124246874387402,
      1.4964050717564725
    ]
  },
  "Circle_Pi": {
    "location": [
      2.263378602590894,
      0,
      -3.8585034723729583
    ],
    "rotation": [
      3.0121426281201096,
      0.936432554349097,
      2.2614225398197845
    ],
    "scale": [
      1.1853559117130787,
      0.40775210831048625,
      0.5438423777248111
    ]
  },
  "Hexa_Screw": {
    "location": [
      -2.774906630311812,
      0,
      3.5918310543543512
    ],
    "rotation": [
      0.7927732687001259,
      3.126481353070953,
      0.833776937954176
    ],
    "scale": [
      0.08254533597496283,
      1.9641450595546597,
      1.7681527309805558
    ]
  },
  "Circ_DrB": {
    "location": [
      -1.4730445587273224,
      0,
      -3.873422967255623
    ],
    "rotation": [
      3.0590983619897165,
      1.563585974377925,
      1.93634562686832
    ],
    "scale": [
      1.9283031571931313,
      1.8349513082384659,
      0.7856967682754739
    ]
  }
}