{
  "Cur_SiSu": {
    "location": [
      -3.896079671165366,
      0,
      2.374934170170559
    ],
    "rotation": [
      0.2849806928111154,
      1.2462863679309006,
      1.3640687889811691
    ],
    "scale": [
      0.017295674664536964,
      1.0119533338996811,
      0.5581247735858532
    ]
  },
  "Circ_DrB": {
    "location": [
      0.5133433335631725,
      0,
      -1.037658757986808
    ],
    "rotation": [
      1.7737733623544725,
      1.2442655172444863,
      0.47773932812793657
    ],
    "scale": [
      1.0345669199310354,
      0.08809446739335125,
      1.7175113142684266
    ]
  },
  "Circ_DuLO": {
    "location": [
      4.142928731290008,
      0,
      -1.7967386493170139
    ],
    "rotation": [
      2.192421435129138,
      2.347169092144324,
      0.7707697812884309
    ],
    "scale": [
      1.5576328651293903,
      0.6642043345855193,
      0.12756696110907173
    ]
  },
  "HemiC_MidC": {
    "location": [
      1.8004057043107293,
      0,
      -0.1435414978361509
    ],
    "rotation": [
      1.2530425600331712,
      2.887601459713459,
      1.660451056789338
    ],
    "scale": [
      1.4099914753709286,
      1.709019318547759,
      0.5620385873774303
    ]
  },
  "Circ_Ad": {
    "location": [
      1.642292225526175,
      0,
      -1.423321572073987
    ],
    "rotation": [
      1.0890091454736712,
      2.113991922168064,
      1.9547314096560227
    ],
    "scale": [
      1.5917287375200833,
      0.23743526922964264,
      1.7278367223799749
    ]
  }
}