{
  "Flat_Slice": {
    "location": [
      3.0353503765578473,
      0,
      -3.7238573083797046
    ],
    "rotation": [
      2.6995996448393784,
      0.020221789213994215,
      2.891402224054968
    ],
    "scale": [
      1.7935907234453212,
      0.39183099069979344,
      1.665974240398624
    ]
  },
  "Cor_Hol": {
    "location": [
      -4.110444648045005,
      0,
      3.0295630280880905
    ],
    "rotation": [
      1.3076040378580256,
      0.5449508364488219,
      0.8667739929134054
    ],
    "scale": [
      0.27902162733059255,
      1.1192674384649934,
      0.9365385570044249
    ]
  },
  "Roun_BuTi": {
    "location": [
      2.756878097885213,
      0,
      2.1141032966726048
    ],
    "rotation": [
      3.04903504534856,
      2.1947784889185686,
      1.2527805943162564
    ],
    "scale": [
      0.5151800419346135,
      1.7080752555161862,
      1.51217854200628
    ]
  },
  "Fenc_ConnR": {
    "location": [
      -3.7468715204407794,
      0,
      2.7558201382481142
    ],
    "rotation": [
      2.011743352854925,
      0.9209284562786332,
      2.916893992010699
    ],
    "scale": [
      1.520405366629996,
      1.2791432477704412,
      0.48894162384881645
    ]
  },
  "Pi_RouSh": {
    "location": [
      0.07049605039700868,
      0,
      2.7265089573308794
    ],
    "rotation": [
      2.2131446531375834,
      1.9068807599506288,
      0.808402725906467
    ],
    "scale": [
      1.0213928324938444,
      1.1198963862341378,
      1.9355351009639812
    ]
  }
}