{
  "Bea_RoLo": {
    "location": [
      1.267610624034357,
      0,
      -2.22101721841578
    ],
    "rotation": [
      3.1267333933271217,
      2.6047136462767986,
      0.7221710852823587
    ],
    "scale": [
      0.06607674558525867,
      1.996753730267768,
      1.6087798937878337
    ]
  },
  "Cro_Fra": {
    "location": [
      -1.0984372170438852,
      0,
      2.976037052072919
    ],
    "rotation": [
      0.8260925909658758,
      2.2814524107954495,
      0.4873166351162474
    ],
    "scale": [
      1.8064979594292585,
      0.9895251348904441,
      1.6388347645346153
    ]
  },
  "Tri_PolHo": {
    "location": [
      1.1733333912042694,
      0,
      4.391576702283194
    ],
    "rotation": [
      1.4699789241193224,
      1.3409963192060357,
      2.881596955276418
    ],
    "scale": [
      1.009735466517599,
      1.3258842308369085,
      1.5938970405273325
    ]
  },
  "Bul_ArrCir": {
    "location": [
      -1.522363834184755,
      0,
      -3.4124974181140217
    ],
    "rotation": [
      1.6728499320960233,
      2.992406349584199,
      2.7234939423090547
    ],
    "scale": [
      1.6257432922997033,
      0.2945768156685866,
      1.952357235533253
    ]
  },
  "Side_Pro": {
    "location": [
      -3.946589878179645,
      0,
      4.034370468136029
    ],
    "rotation": [
      0.5708082954174736,
      2.874524952190227,
      1.462294807039216
    ],
    "scale": [
      0.329675920001957,
      1.5626937699140595,
      1.5547132854011279
    ]
  }
}