{
  "Bum_Long": {
    "location": [
      4.1691061978313435,
      0,
      -0.24835438912341434
    ],
    "rotation": [
      0.19550354545884616,
      0.5227786160891269,
      2.5667887698750858
    ],
    "scale": [
      1.3076176651682074,
      1.6234600543948525,
      1.2161515350859926
    ]
  },
  "Dual_Cutu": {
    "location": [
      3.1355898466434873,
      0,
      -4.088497560357066
    ],
    "rotation": [
      2.2730747077233437,
      1.7176166722170771,
      1.309995688123098
    ],
    "scale": [
      0.43978882450223855,
      0.869379693144569,
      1.564749159915007
    ]
  },
  "Tri_Cap": {
    "location": [
      -0.9660065435237724,
      0,
      0.849517989454081
    ],
    "rotation": [
      1.7887515161587337,
      1.20937029202529,
      1.1387474836301776
    ],
    "scale": [
      1.3490671503569638,
      0.7447598538715803,
      1.0234090412901997
    ]
  },
  "Hem_Tub": {
    "location": [
      -2.1875076104328164,
      0,
      -2.1270145965961484
    ],
    "rotation": [
      2.2801317310345115,
      1.829704749826562,
      1.7806433756902686
    ],
    "scale": [
      0.9008791373542773,
      0.8279767619566616,
      1.4896520189784686
    ]
  },
  "Sim_Plu": {
    "location": [
      -1.72582550724416,
      0,
      1.1319799338714258
    ],
    "rotation": [
      0.9580096405748484,
      0.5235151559771462,
      2.8951476915662897
    ],
    "scale": [
      0.6332734914530436,
      1.8502388559052225,
      1.9083983347895848
    ]
  }
}