{
  "Be_CircH": {
    "location": [
      -3.1196159678475937,
      0,
      0.9935834055327515
    ],
    "rotation": [
      1.7037592499778758,
      2.748415222537757,
      0.26849373998572884
    ],
    "scale": [
      0.5266610943337491,
      1.7539610494364553,
      1.8373674011321561
    ]
  },
  "Long_SideV": {
    "location": [
      1.811190939477311,
      0,
      -1.770602337265617
    ],
    "rotation": [
      2.2670996856534864,
      2.0794997823178547,
      1.3090562936011894
    ],
    "scale": [
      1.3602128675683482,
      0.8515284031332819,
      0.5059860806128631
    ]
  },
  "Tri_HoUn": {
    "location": [
      -4.474991983565552,
      0,
      3.1691088190235988
    ],
    "rotation": [
      0.6117204115992314,
      1.8049255677099791,
      0.6934363783362565
    ],
    "scale": [
      0.8302121753778493,
      1.4002215550789059,
      0.6179354307590152
    ]
  },
  "Round_Conn": {
    "location": [
      -2.51476958969623,
      0,
      -0.6858746074092639
    ],
    "rotation": [
      0.9373764705003764,
      0.22446701502164515,
      2.3877479670313533
    ],
    "scale": [
      0.653424686598479,
      1.5069178451218144,
      1.032876818955526
    ]
  },
  "Pan_LoLw": {
    "location": [
      2.3828945628092892,
      0,
      -2.8856063061209976
    ],
    "rotation": [
      2.7435475036267576,
      1.4418587137182086,
      1.2446566534933192
    ],
    "scale": [
      0.6625575581626282,
      0.1181003150156048,
      0.2683451340255605
    ]
  }
}