{
  "Du_Grs": {
    "location": [
      3.0272848229592295,
      0,
      1.4363111513664126
    ],
    "rotation": [
      1.9312024137914223,
      0.057812626579196134,
      2.8827915018166492
    ],
    "scale": [
      1.266421799544613,
      1.3472283393685294,
      1.265725578993539
    ]
  },
  "Screw_MoTwo": {
    "location": [
      -1.6459502080199098,
      0,
      -0.2104000103183088
    ],
    "rotation": [
      2.5598762564017736,
      2.5965246373723065,
      2.1656599028965466
    ],
    "scale": [
      0.14657725241258124,
      0.9967786976960318,
      0.5402837204762672
    ]
  },
  "Cro_RouCov": {
    "location": [
      -0.9379097416891358,
      0,
      -0.5938624691920387
    ],
    "rotation": [
      1.8679932212260575,
      1.486262412614739,
      0.6792895138915123
    ],
    "scale": [
      0.1312796257660518,
      0.4258739997402399,
      0.23782827786472382
    ]
  },
  "Cir_CutFr": {
    "location": [
      0.028149256005871592,
      0,
      1.5893374821498654
    ],
    "rotation": [
      1.348677073309827,
      1.8196582891523205,
      1.3067810695916904
    ],
    "scale": [
      0.7084329251913009,
      0.4776949603025804,
      1.687449075935375
    ]
  },
  "St_Hold": {
    "location": [
      0.27942154081885384,
      0,
      1.9248928751732635
    ],
    "rotation": [
      0.7247907659809423,
      2.472067977235734,
      2.0800718048047195
    ],
    "scale": [
      0.678416396197232,
      1.6860883913129132,
      0.4493387508412525
    ]
  }
}