{
  "Dual_Cutu": {
    "location": [
      -4.338236483227296,
      0,
      -3.7818320564849834
    ],
    "rotation": [
      1.956968344075606,
      0.44763080169492886,
      1.1092605662703154
    ],
    "scale": [
      1.631755224386657,
      1.7088505950491013,
      0.5500336532232628
    ]
  },
  "Box_CuPar": {
    "location": [
      -0.6937629872496953,
      0,
      0.19582750531564308
    ],
    "rotation": [
      0.7098643441791984,
      2.828856330479191,
      2.541310059268547
    ],
    "scale": [
      0.3524472272057173,
      0.8522422560943406,
      1.6317764966852861
    ]
  },
  "Cup_ProtF": {
    "location": [
      -3.7592499695967514,
      0,
      -3.1618731165655443
    ],
    "rotation": [
      1.1189173154246135,
      0.9744381774765766,
      2.006824164547634
    ],
    "scale": [
      0.3384996878845392,
      0.928092687308357,
      1.8455255318880592
    ]
  },
  "Lo_Fill": {
    "location": [
      -3.4221353554760228,
      0,
      -2.874373902963533
    ],
    "rotation": [
      0.12809013487959894,
      0.9647512822593813,
      2.766399327199579
    ],
    "scale": [
      0.7969788085047855,
      0.36698860943921474,
      0.9465647128082031
    ]
  },
  "Tub_HoSu": {
    "location": [
      0.41112656488931876,
      0,
      -4.4959096216557475
    ],
    "rotation": [
      2.5329834354358036,
      0.7242196658725221,
      1.2453476185221988
    ],
    "scale": [
      0.4027867689357869,
      0.4987406777392629,
      0.8262487786519521
    ]
  }
}