{
  "Mul_BeCo": {
    "location": [
      -1.6516226330527126,
      0,
      -3.137617688746634
    ],
    "rotation": [
      2.3162973834201144,
      2.082283989023826,
      0.6527241545848602
    ],
    "scale": [
      1.1932401797114853,
      1.5414455399359261,
      0.1190262722703368
    ]
  },
  "Round_Rev": {
    "location": [
      4.077161316824126,
      0,
      2.6986738677226336
    ],
    "rotation": [
      1.8333834523751464,
      2.560318368626467,
      2.4520005379072596
    ],
    "scale": [
      0.07358961090355742,
      1.330257675128857,
      0.6211960061953923
    ]
  },
  "Long_In": {
    "location": [
      -0.4992632603548799,
      0,
      0.6357843194161346
    ],
    "rotation": [
      0.4743845192104629,
      1.6337143531233793,
      2.0286863357950833
    ],
    "scale": [
      1.4524851962929068,
      0.7044853201905443,
      0.21404633709752718
    ]
  },
  "Bri_ArrCo": {
    "location": [
      4.378911846632086,
      0,
      -3.6458891356935026
    ],
    "rotation": [
      0.07317257052297604,
      2.119913844536465,
      2.7695456664602416
    ],
    "scale": [
      0.139575555404023,
      1.1500174532354785,
      1.4986719042587648
    ]
  },
  "Holl_Cover": {
    "location": [
      3.2506713978501853,
      0,
      0.6703626489121577
    ],
    "rotation": [
      1.089617907746155,
      2.97481814245256,
      0.1480822803452711
    ],
    "scale": [
      0.7947327058946341,
      1.3515515471349355,
      1.2777529228755837
    ]
  }
}