{
  "Sq_Tube": {
    "location": [
      -2.0681461670921806,
      0,
      -1.2846903565476864
    ],
    "rotation": [
      2.9131105215150312,
      1.5117871299739059,
      1.740987548278493
    ],
    "scale": [
      0.4246257553270181,
      1.3145933511676826,
      1.4572863623303125
    ]
  },
  "Dua_CuFr": {
    "location": [
      0.6312999843235971,
      0,
      -3.883990231749092
    ],
    "rotation": [
      0.7922485688765797,
      2.4750925553796677,
      2.8785757362701427
    ],
    "scale": [
      1.2561831778012211,
      0.1863697162296265,
      0.05760071698383484
    ]
  },
  "Box_DLow": {
    "location": [
      1.8683447200167436,
      0,
      -0.7487977114239817
    ],
    "rotation": [
      2.5033667366357424,
      1.3576197643561136,
      1.5446835583598826
    ],
    "scale": [
      0.8389953701690704,
      1.042733287803427,
      1.0513960966547655
    ]
  },
  "Spl_Curv": {
    "location": [
      2.2004815671646165,
      0,
      -0.44089993611584877
    ],
    "rotation": [
      0.5667403549505448,
      0.9877514239872768,
      2.6980719703700062
    ],
    "scale": [
      1.9618433407831506,
      1.5400116367432275,
      1.4640457707401167
    ]
  },
  "Ring_Frame": {
    "location": [
      1.8541020504973567,
      0,
      3.436813613406298
    ],
    "rotation": [
      1.6034430587285937,
      0.02935710425285491,
      2.447239802340613
    ],
    "scale": [
      0.8168744712577041,
      1.0145051240529885,
      0.6080938498102455
    ]
  }
}