{
  "Roun_BlSp": {
    "location": [
      -4.046820403651268,
      0,
      1.6098651956455408
    ],
    "rotation": [
      0.2611164681910798,
      1.3524917711778568,
      0.7679482265670334
    ],
    "scale": [
      0.8407208854735255,
      0.7637957395135211,
      0.7779287994124471
    ]
  },
  "Ho_Frame": {
    "location": [
      -0.8736148101487391,
      0,
      3.494168675770001
    ],
    "rotation": [
      0.33346025160244114,
      1.0707614348882304,
      2.9417432021709264
    ],
    "scale": [
      1.6552631878991657,
      1.7107186545928195,
      1.6685884391177188
    ]
  },
  "Hexa_BaAr": {
    "location": [
      0.019654357656551547,
      0,
      2.663825798273333
    ],
    "rotation": [
      2.8885501499411164,
      1.0325488739281554,
      0.07142649748946943
    ],
    "scale": [
      0.9915244809283177,
      1.4653757639872145,
      0.5936533138512714
    ]
  },
  "Hex_CirCL": {
    "location": [
      3.958227258297061,
      0,
      0.3355584166754628
    ],
    "rotation": [
      2.106724584965998,
      0.9879944413928727,
      1.104111955370416
    ],
    "scale": [
      0.2229932351420678,
      1.9257881549100446,
      1.3026406964877533
    ]
  },
  "Conn_Tube_Four": {
    "location": [
      1.601513563156992,
      0,
      -1.0051998169215381
    ],
    "rotation": [
      2.101574524367462,
      2.468301433890865,
      1.5823252510439316
    ],
    "scale": [
      0.9363812538739367,
      0.05150261038407056,
      0.9744320328960643
    ]
  }
}