{
  "Solid_Cyli": {
    "location": [
      1.1593426927625563,
      0,
      0.3370517300207583
    ],
    "rotation": [
      2.234256801725198,
      0.5271236513028424,
      0.3776629756330578
    ],
    "scale": [
      0.14672975422574575,
      1.9456395484906668,
      0.05439907489595419
    ]
  },
  "Hold_Cut": {
    "location": [
      -4.112548070094374,
      0,
      3.3505207803667654
    ],
    "rotation": [
      1.9176884566638168,
      1.2417252743333294,
      0.08518170563330771
    ],
    "scale": [
      1.6304375842438135,
      1.9750343176151341,
      0.1994510952620372
    ]
  },
  "Basket_Frame": {
    "location": [
      2.210591235264012,
      0,
      2.5656958764074584
    ],
    "rotation": [
      1.3289996327973221,
      0.12443705853542486,
      1.1528535850941324
    ],
    "scale": [
      1.9159946837830117,
      0.4026574897884776,
      0.944345640322078
    ]
  },
  "Circ_CUBo": {
    "location": [
      -2.458410841048435,
      0,
      -3.6792965834049274
    ],
    "rotation": [
      1.9331252468653934,
      2.89310343222502,
      1.007999749229075
    ],
    "scale": [
      1.39593177481538,
      0.08726669800657971,
      1.0293722890067032
    ]
  },
  "Slic_RouD": {
    "location": [
      -4.084389823411569,
      0,
      3.890567592802949
    ],
    "rotation": [
      2.3239925954943463,
      2.2024706235205236,
      1.8009064185431654
    ],
    "scale": [
      0.9557412160269203,
      1.0473495400098691,
      1.6946712916028124
    ]
  }
}